2016,4812,1725020
2016,9121,1453520
2016,4134,1446240
2016,8048,1025790
2016,22927,1024680
2016,18403,767720
2016,28202,761370
2016,6057,643750
2016,4788,612390
2016,37705,487520
2016,12715,393900
2016,19429,392750
2016,7303,388870
2016,18881,371100
2016,6849,348380
2016,7922,346430
2016,4766,343200
2016,17622,327020
2016,3816,312370
2016,11556,293240
2016,6866,282640
2016,8866,273030
2016,25472,233840
2016,1241,209780
2016,5483,180780
2016,6327,170940
2016,36947,159290
2016,20115,155370
2016,1267,151260
2016,4837,151010
2016,9829,142620
2016,3462,142360
2016,14420,120080
2016,24863,117510
2016,9146,109070
2016,31549,108720
2016,13127,108020
2016,2609,107590
2016,4713,106920
2016,24560,104420
2016,39939,103380
2016,59715,95910
2016,17552,93660
2016,3329,91920
2016,38547,91350
2016,23889,91010
2016,12389,90410
2016,9506,89880
2016,31477,85720
2016,3269,83680
2016,28573,82770
2016,134419,82480
2016,53006,81610
2016,13489,81510
2016,5384,81200
2016,8167,80310
2016,10796,77100
2016,23724,76730
2016,3786,76110
2016,7029,72130
2016,16814,71020
2016,9299,67360
2016,11830,67040
2016,8151,66760
2016,7992,64630
2016,17676,63360
2016,6400,61080
2016,9930,60840
2016,26599,57460
2016,4565,56250
2016,12880,54410
2016,9198,53630
2016,11814,52840
2016,20001,51680
2016,7738,51100
2016,17511,50260
2016,23969,49090
2016,14117,48460
2016,22368,47730
2016,5650,46870
2016,8585,46770
2016,12297,46460
2016,13999,44060
2016,17858,42370
2016,5639,42300
2016,12768,39700
2016,6568,39430
2016,45899,38730
2016,42682,38560
2016,11351,37780
2016,8997,37710
2016,48159,37300
2016,26615,36580
2016,4760,34330
2016,56046,34130
2016,11426,33780
2016,10036,32560
2016,11815,32070
2016,51604,31450
2016,12271,31310
2016,6697,31050
2016,27699,30740
2016,34533,30530
2016,2516,29940
2016,11427,28210
2016,8402,28100
2016,55577,27900
2016,5617,27860
2016,41682,27520
2016,8551,26950
2016,52207,26300
2016,9824,26110
2016,17813,25720
2016,12338,25300
2016,57378,25240
2016,39435,24990
2016,19108,24960
2016,4739,24420
2016,41754,24080
2016,11290,23500
2016,9808,23410
2016,50543,23320
2016,11081,23230
2016,56420,22860
2016,50498,22830
2016,31334,22620
2016,197121,22370
2016,1221,22190
2016,2518,21150
2016,12083,20480
2016,42003,20430
2016,50542,20410
2016,41668,20150
2016,41164,19720
2016,4808,19580
2016,43754,19580
2016,6147,19570
2016,51570,19440
2016,5466,19320
2016,42116,18830
2016,25620,18340
2016,43478,18330
2016,3352,18010
2016,51819,17330
2016,25229,17150
2016,701,17130
2016,2527,17040
2016,9387,16970
2016,812,16420
2016,27953,16420
2016,3651,16230
2016,7545,16120
2016,50512,16020
2016,1103,15780
2016,133481,15490
2016,4780,15470
2016,50544,15360
2016,2510,15280
2016,9394,15230
2016,51645,15220
2016,12150,15150
2016,12741,14740
2016,9924,14530
2016,7679,14280
2016,41661,14060
2016,3320,13900
2016,20928,13810
2016,9790,13690
2016,17974,13310
2016,39028,13240
2016,41843,13170
2016,37492,13070
2016,33363,13050
2016,56330,13030
2016,17816,13030
2016,55430,13020
2016,57026,12940
2016,57044,12840
2016,51074,12720
2016,21826,12550
2016,42610,12350
2016,,12260
2016,49048,11990
2016,27775,11810
2016,12301,11710
2016,9116,11700
2016,18566,11520
2016,45595,11510
2016,41727,11460
2016,58085,11460
2016,29695,11420
2016,12946,11380
2016,25405,11360
2016,8386,11110
2016,4804,11010
2016,30722,10890
2016,60339,10790
2016,4847,10730
2016,18809,10640
2016,9617,10370
2016,27839,10360
2016,39501,10240
2016,9737,10150
2016,34590,10020
2016,18049,9930
2016,8452,9730
2016,45758,9570
2016,8359,9530
2016,29314,9520
2016,18182,9440
2016,3737,9260
2016,34748,9130
2016,12735,9130
2016,23184,9120
2016,12430,9090
2016,51035,8990
2016,3216,8860
2016,28812,8790
2016,9943,8690
2016,59713,8680
2016,28114,8590
2016,22085,8320
2016,9416,8260
2016,14522,8250
2016,44725,8240
2016,4589,8120
2016,6181,8000
2016,577,8000
2016,20257,7950
2016,13977,7920
2016,6848,7910
2016,42362,7900
2016,10091,7860
2016,9304,7780
2016,22394,7660
2016,48945,7660
2016,44581,7660
2016,14868,7580
2016,13285,7570
2016,25515,7560
2016,10010,7430
2016,8881,7420
2016,3209,7360
2016,2514,7350
2016,3303,7340
2016,10013,7210
2016,14615,7210
2016,22047,7200
2016,8257,7190
2016,9050,7120
2016,3215,7120
2016,11260,7090
2016,28051,7070
2016,15500,7060
2016,3292,7000
2016,21479,6980
2016,5056,6890
2016,21412,6860
2016,36903,6820
2016,7552,6810
2016,29256,6720
2016,13188,6670
2016,12322,6650
2016,15557,6560
2016,42683,6290
2016,24444,6250
2016,17506,6240
2016,3239,6190
2016,42313,6150
2016,4181,6130
2016,3301,6100
2016,12874,6100
2016,21817,6080
2016,38264,6070
2016,9946,6050
2016,26210,6040
2016,4685,6040
2016,2497,6040
2016,56041,5990
2016,44395,5970
2016,2856,5960
2016,33588,5940
2016,8376,5910
2016,27747,5900
2016,7794,5860
2016,22689,5860
2016,18822,5830
2016,8163,5830
2016,35807,5760
2016,5645,5750
2016,29518,5730
2016,28171,5690
2016,31514,5680
2016,59587,5610
2016,16971,5480
2016,2116,5470
2016,6703,5460
2016,56377,5410
2016,52402,5390
2016,18126,5370
2016,49816,5370
2016,16178,5360
2016,7459,5350
2016,7782,5340
2016,3999,5310
2016,38841,5280
2016,1136,5280
2016,13124,5230
2016,56981,5200
2016,2119,5090
2016,17488,5080
2016,19792,5060
2016,6910,5010
2016,11232,4910
2016,5432,4850
2016,9976,4810
2016,24445,4790
2016,11888,4750
2016,9694,4740
2016,12578,4670
2016,15600,4660
2016,49100,4640
2016,8612,4610
2016,6621,4600
2016,7482,4580
2016,42863,4540
2016,27672,4540
2016,47165,4510
2016,11664,4500
2016,31286,4490
2016,21003,4470
2016,47438,4410
2016,15895,4400
2016,27792,4400
2016,1403,4390
2016,45629,4390
2016,17839,4380
2016,8369,4360
2016,34296,4360
2016,34218,4290
2016,8926,4290
2016,17608,4250
2016,8190,4220
2016,57841,4210
2016,28210,4200
2016,16621,4150
2016,36907,4140
2016,25255,4130
2016,4771,4110
2016,1659,4100
2016,27773,4080
2016,131090,4070
2016,6871,4040
2016,9595,4030
2016,25178,3990
2016,5690,3990
2016,33934,3980
2016,41440,3950
2016,9365,3930
2016,27845,3910
2016,25513,3910
2016,8047,3910
2016,13490,3900
2016,2519,3900
2016,27831,3830
2016,12261,3810
2016,5607,3800
2016,37903,3760
2016,9781,3760
2016,9105,3740
2016,719,3670
2016,8473,3660
2016,33576,3610
2016,52367,3610
2016,34984,3610
2016,8764,3610
2016,35699,3600
2016,1680,3560
2016,39001,3560
2016,15975,3560
2016,35819,3550
2016,39015,3480
2016,12978,3480
2016,4662,3470
2016,39309,3460
2016,13370,3460
2016,17638,3460
2016,9158,3450
2016,21017,3410
2016,52228,3390
2016,54614,3370
2016,43205,3360
2016,11976,3330
2016,41786,3330
2016,39927,3320
2016,19397,3320
2016,24164,3320
2016,28719,3310
2016,44869,3290
2016,14754,3280
2016,12668,3270
2016,3356,3270
2016,27181,3230
2016,25636,3220
2016,4721,3210
2016,11139,3160
2016,12849,3150
2016,17809,3150
2016,131596,3140
2016,12513,3140
2016,25144,3090
2016,262354,3090
2016,34168,3070
2016,12705,3070
2016,21021,3070
2016,11666,3070
2016,5413,3070
2016,2860,3060
2016,30689,3060
2016,5610,3040
2016,1257,3030
2016,18116,2990
2016,52369,2980
2016,13184,2960
2016,38285,2950
2016,5391,2930
2016,44677,2920
2016,9125,2920
2016,6983,2860
2016,21949,2860
2016,17803,2850
2016,16135,2840
2016,7011,2830
2016,6713,2810
2016,41256,2800
2016,6535,2790
2016,39308,2790
2016,174,2780
2016,6855,2770
2016,8400,2750
2016,36937,2750
2016,31252,2740
2016,23650,2740
2016,6700,2720
2016,37457,2710
2016,31200,2700
2016,10299,2690
2016,15377,2660
2016,36925,2630
2016,6828,2630
2016,18419,2580
2016,18313,2580
2016,17698,2580
2016,8422,2570
2016,27235,2570
2016,21453,2570
2016,28908,2560
2016,4768,2550
2016,58224,2540
2016,31094,2520
2016,28652,2520
2016,25019,2490
2016,10835,2470
2016,11776,2460
2016,18081,2460
2016,20207,2450
2016,7522,2440
2016,10474,2430
2016,12871,2420
2016,53726,2420
2016,6856,2420
2016,12958,2420
2016,30036,2420
2016,13118,2400
2016,27818,2400
2016,35612,2380
2016,11562,2380
2016,39651,2380
2016,7106,2380
2016,15640,2370
2016,29580,2360
2016,14288,2360
2016,44034,2360
2016,132449,2360
2016,45684,2360
2016,12479,2360
2016,11845,2350
2016,6739,2340
2016,31148,2300
2016,263181,2290
2016,21487,2290
2016,33922,2270
2016,7385,2260
2016,6730,2240
2016,28481,2230
2016,23089,2230
2016,262197,2220
2016,4773,2220
2016,52381,2220
2016,33788,2190
2016,21127,2190
2016,49103,2180
2016,4515,2170
2016,4725,2170
2016,14938,2170
2016,17380,2150
2016,15527,2150
2016,38484,2150
2016,15732,2150
2016,27745,2150
2016,41134,2140
2016,4657,2140
2016,28580,2140
2016,4609,2130
2016,27695,2110
2016,7642,2110
2016,25086,2100
2016,30868,2090
2016,5578,2080
2016,34087,2070
2016,35141,2070
2016,12576,2070
2016,6752,2050
2016,30764,2040
2016,36493,2040
2016,11492,2040
2016,9443,2030
2016,31126,2020
2016,34456,2010
2016,197697,2010
2016,53508,2000
2016,22302,1990
2016,17917,1990
2016,34718,1980
2016,20500,1980
2016,19817,1960
2016,12035,1960
2016,47844,1950
2016,52242,1950
2016,17529,1950
2016,6407,1950
2016,28885,1940
2016,8248,1940
2016,7524,1940
2016,12810,1940
2016,855,1930
2016,45904,1930
2016,11084,1920
2016,60496,1920
2016,12997,1900
2016,12688,1900
2016,30922,1890
2016,16276,1880
2016,10620,1880
2016,197288,1880
2016,7057,1880
2016,56040,1870
2016,27948,1860
2016,12714,1850
2016,28281,1850
2016,11404,1840
2016,35911,1840
2016,28668,1830
2016,29203,1830
2016,37892,1820
2016,34875,1820
2016,42754,1820
2016,31585,1810
2016,20412,1790
2016,15311,1780
2016,62943,1770
2016,7795,1770
2016,9381,1770
2016,55850,1760
2016,8439,1760
2016,54198,1750
2016,50710,1750
2016,13272,1750
2016,6058,1740
2016,19515,1740
2016,25490,1730
2016,17964,1730
2016,24086,1730
2016,41750,1720
2016,25668,1720
2016,8749,1690
2016,9329,1690
2016,12850,1690
2016,20485,1690
2016,13056,1660
2016,25124,1660
2016,73,1660
2016,57963,1640
2016,12392,1640
2016,30873,1630
2016,28890,1620
2016,43793,1620
2016,27754,1620
2016,58542,1610
2016,22423,1610
2016,16735,1600
2016,57227,1600
2016,15011,1600
2016,16232,1600
2016,7657,1570
2016,37054,1570
2016,8968,1560
2016,15419,1560
2016,45543,1560
2016,40545,1550
2016,9919,1520
2016,29119,1510
2016,12670,1510
2016,43075,1500
2016,14102,1500
2016,8374,1490
2016,13676,1460
2016,17962,1440
2016,65021,1430
2016,28048,1420
2016,31042,1420
2016,24309,1420
2016,5603,1410
2016,45057,1410
2016,4802,1410
2016,29190,1400
2016,15589,1400
2016,17501,1400
2016,27983,1400
2016,43234,1400
2016,33874,1400
2016,47887,1390
2016,56478,1390
2016,17621,1390
2016,29456,1370
2016,18028,1370
2016,55424,1370
2016,15926,1360
2016,52518,1360
2016,34661,1350
2016,44507,1350
2016,34610,1350
2016,44285,1350
2016,28198,1340
2016,20910,1330
2016,12695,1330
2016,43561,1320
2016,22573,1320
2016,263755,1320
2016,52491,1320
2016,41268,1310
2016,31012,1310
2016,44244,1300
2016,12400,1290
2016,8346,1290
2016,33762,1290
2016,16637,1270
2016,6459,1270
2016,201150,1270
2016,34139,1260
2016,9457,1250
2016,65100,1250
2016,11581,1240
2016,22799,1240
2016,15542,1240
2016,32448,1230
2016,6772,1230
2016,21250,1230
2016,27950,1220
2016,17633,1220
2016,8570,1220
2016,48524,1220
2016,38684,1210
2016,35816,1200
2016,9269,1200
2016,58543,1200
2016,29124,1200
2016,5009,1200
2016,43939,1200
2016,6280,1200
2016,17480,1190
2016,48161,1190
2016,59815,1190
2016,10143,1190
2016,22241,1180
2016,16904,1180
2016,41822,1180
2016,18943,1180
2016,25133,1170
2016,20960,1170
2016,30432,1170
2016,34700,1170
2016,30801,1160
2016,8591,1160
2016,21211,1160
2016,43118,1160
2016,34245,1160
2016,4704,1160
2016,16437,1150
2016,21378,1140
2016,20880,1130
2016,61036,1120
2016,48642,1120
2016,24730,1120
2016,17583,1120
2016,17451,1110
2016,18144,1110
2016,4230,1110
2016,53189,1110
2016,12605,1100
2016,45194,1100
2016,39354,1100
2016,8468,1100
2016,18260,1100
2016,20130,1100
2016,17705,1090
2016,196767,1080
2016,45664,1080
2016,14291,1080
2016,6648,1080
2016,12282,1070
2016,32277,1070
2016,13193,1070
2016,9354,1070
2016,6805,1070
2016,17306,1070
2016,18334,1070
2016,14080,1070
2016,8008,1070
2016,39229,1060
2016,15808,1060
2016,45374,1060
2016,16481,1050
2016,46687,1050
2016,60781,1050
2016,52995,1050
2016,14543,1050
2016,56402,1050
2016,33130,1040
2016,29614,1040
2016,15774,1030
2016,27887,1030
2016,24757,1030
2016,12912,1030
2016,37671,1030
2016,35244,1030
2016,12683,1030
2016,3741,1030
2016,16960,1030
2016,6821,1030
2016,35094,1020
2016,34137,1010
2016,42961,1010
2016,21804,1000
2016,8680,990
2016,27925,990
2016,8371,990
2016,20283,980
2016,11240,980
2016,15962,980
2016,35728,980
2016,6876,970
2016,18106,970
2016,42652,970
2016,17184,960
2016,9498,960
2016,9614,960
2016,9351,960
2016,34918,960
2016,6412,950
2016,36423,940
2016,17530,940
2016,30822,940
2016,200865,940
2016,34502,940
2016,13055,940
2016,51407,930
2016,17762,930
2016,35191,920
2016,12730,920
2016,14280,920
2016,52430,920
2016,17623,910
2016,39232,910
2016,23205,910
2016,18101,910
2016,7727,900
2016,3253,900
2016,9845,900
2016,24139,900
2016,30784,890
2016,35598,890
2016,4538,890
2016,7065,890
2016,44957,890
2016,19889,890
2016,24852,890
2016,262300,890
2016,45143,880
2016,59108,880
2016,20042,870
2016,15805,870
2016,37611,870
2016,394907,870
2016,28270,860
2016,42239,860
2016,12844,860
2016,39728,860
2016,28294,860
2016,6471,860
2016,17573,860
2016,47442,860
2016,262482,850
2016,6799,850
2016,3249,850
2016,51515,850
2016,45237,850
2016,10838,850
2016,27364,850
2016,6911,850
2016,29194,840
2016,42893,840
2016,45528,840
2016,8445,840
2016,43341,840
2016,24835,840
2016,30027,840
2016,8443,840
2016,20394,830
2016,35706,830
2016,48940,830
2016,41709,830
2016,43132,830
2016,14928,820
2016,394708,820
2016,49342,820
2016,22923,820
2016,262682,820
2016,13682,810
2016,18618,810
2016,8877,810
2016,26251,810
2016,18221,810
2016,50809,800
2016,31028,800
2016,24271,800
2016,43554,800
2016,34368,800
2016,131178,800
2016,12876,800
2016,21040,800
2016,33392,790
2016,14265,790
2016,42355,790
2016,18278,790
2016,7718,780
2016,12066,780
2016,45510,780
2016,32809,780
2016,393892,780
2016,2111,780
2016,35645,780
2016,5410,770
2016,2108,770
2016,16117,770
2016,21502,770
2016,48320,770
2016,262643,770
2016,22709,760
2016,16333,760
2016,33139,760
2016,51116,760
2016,41557,760
2016,59628,760
2016,13388,750
2016,2588,750
2016,42548,750
2016,15599,750
2016,10292,750
2016,34263,740
2016,3758,740
2016,42104,740
2016,5394,740
2016,27984,730
2016,13576,730
2016,34896,730
2016,2828,730
2016,23655,730
2016,53242,720
2016,31967,720
2016,24699,720
2016,42298,720
2016,263110,720
2016,6712,720
2016,50231,720
2016,35007,710
2016,44270,710
2016,19182,710
2016,19625,710
2016,55714,710
2016,47262,700
2016,12767,700
2016,196750,700
2016,39273,700
2016,15969,700
2016,8717,700
2016,7470,700
2016,50060,700
2016,15897,690
2016,25512,690
2016,196883,690
2016,10932,690
2016,7670,690
2016,14103,690
2016,42337,690
2016,36049,690
2016,15468,690
2016,15943,680
2016,23201,680
2016,5742,680
2016,26794,670
2016,24163,670
2016,3549,670
2016,45069,670
2016,28854,670
2016,18207,670
2016,16202,670
2016,11215,670
2016,18240,670
2016,28233,670
2016,28300,660
2016,49079,660
2016,16285,660
2016,57731,660
2016,45361,660
2016,18281,660
2016,32281,660
2016,2381,660
2016,18883,650
2016,43700,650
2016,56209,650
2016,9044,650
2016,53488,650
2016,38133,650
2016,59958,650
2016,17968,640
2016,9415,640
2016,9676,640
2016,29072,640
2016,13692,640
2016,12540,640
2016,8767,630
2016,28331,630
2016,29286,630
2016,13037,630
2016,61307,630
2016,35000,630
2016,41841,630
2016,3255,630
2016,45415,630
2016,3801,630
2016,8675,630
2016,263219,630
2016,25106,620
2016,5713,620
2016,38917,620
2016,31242,610
2016,14638,610
2016,58519,610
2016,1836,610
2016,5563,610
2016,25540,610
2016,5089,610
2016,20375,610
2016,26253,610
2016,9070,610
2016,41560,610
2016,6714,610
2016,23624,610
2016,23314,600
2016,264293,600
2016,48781,600
2016,39289,600
2016,50977,600
2016,1759,600
2016,21782,600
2016,38623,600
2016,262861,600
2016,786,590
2016,132941,590
2016,12644,590
2016,35032,590
2016,18282,590
2016,197076,590
2016,48683,590
2016,26166,590
2016,21230,580
2016,39554,580
2016,35516,580
2016,35132,580
2016,9556,580
2016,23888,580
2016,5438,580
2016,9038,580
2016,16301,580
2016,8057,580
2016,9927,570
2016,53250,570
2016,39047,570
2016,44087,570
2016,28343,570
2016,20712,560
2016,196742,560
2016,28015,560
2016,18390,560
2016,21191,560
2016,28658,550
2016,49800,550
2016,4793,550
2016,29247,550
2016,5602,550
2016,6639,550
2016,12543,550
2016,51681,550
2016,31430,540
2016,28702,540
2016,9534,540
2016,15704,540
2016,394225,540
2016,21565,540
2016,42318,540
2016,41691,540
2016,12406,540
2016,12015,540
2016,12975,540
2016,37027,540
2016,48327,540
2016,36866,540
2016,39737,530
2016,42038,530
2016,9374,530
2016,35154,530
2016,38972,530
2016,41789,530
2016,37002,530
2016,23316,530
2016,31423,530
2016,10037,530
2016,47956,520
2016,3225,520
2016,10019,520
2016,49368,520
2016,18318,520
2016,13672,520
2016,10002,520
2016,39442,520
2016,43530,520
2016,12597,520
2016,41435,520
2016,13326,520
2016,41549,520
2016,2614,520
2016,18,520
2016,44265,520
2016,31115,510
2016,23118,510
2016,201343,510
2016,12418,510
2016,10834,510
2016,51132,510
2016,34772,510
2016,40749,510
2016,35680,510
2016,60490,510
2016,53022,510
2016,34244,510
2016,41881,510
2016,27927,510
2016,55381,500
2016,11272,500
2016,42306,500
2016,39642,500
2016,56687,500
2016,34577,500
2016,10003,500
2016,47954,500
2016,51784,500
2016,23100,500
2016,27997,490
2016,51018,490
2016,29226,490
2016,43139,490
2016,29030,490
2016,43957,490
2016,24554,490
2016,23541,490
2016,47694,490
2016,6122,490
2016,51034,490
2016,17069,490
2016,48359,490
2016,13036,490
2016,16863,490
2016,13415,480
2016,34400,480
2016,41313,480
2016,27889,480
2016,25310,480
2016,12390,480
2016,42232,480
2016,35047,480
2016,62183,480
2016,1312,480
2016,15547,480
2016,20255,480
2016,41852,480
2016,2907,480
2016,28118,480
2016,34602,470
2016,52496,470
2016,3267,470
2016,45025,470
2016,50188,470
2016,48166,470
2016,12302,470
2016,39799,470
2016,47270,470
2016,263405,470
2016,38679,470
2016,8249,470
2016,39657,470
2016,49776,470
2016,8820,470
2016,35063,470
2016,57534,470
2016,37963,470
2016,7676,460
2016,44347,460
2016,262466,460
2016,35177,460
2016,28745,460
2016,32867,460
2016,17948,460
2016,34001,460
2016,22646,460
2016,45916,460
2016,48309,460
2016,12684,450
2016,196797,450
2016,53142,450
2016,22200,450
2016,8681,450
2016,199715,450
2016,1273,450
2016,28130,450
2016,25159,450
2016,12494,450
2016,30969,450
2016,50911,450
2016,202111,450
2016,47193,450
2016,42322,450
2016,15763,440
2016,34695,440
2016,4775,440
2016,14955,440
2016,9386,440
2016,8771,440
2016,34629,440
2016,33869,440
2016,24165,440
2016,9916,430
2016,40918,430
2016,7690,430
2016,30666,430
2016,38628,430
2016,48437,430
2016,27947,430
2016,13760,430
2016,49136,430
2016,21599,430
2016,7774,430
2016,47524,430
2016,9873,420
2016,33796,420
2016,199008,420
2016,39074,420
2016,53732,420
2016,61487,420
2016,15036,420
2016,38109,420
2016,33548,420
2016,48278,420
2016,30851,420
2016,18988,420
2016,17754,420
2016,45609,410
2016,6939,410
2016,37061,410
2016,52980,410
2016,25549,410
2016,20632,410
2016,14159,410
2016,17939,410
2016,1955,410
2016,23252,410
2016,42110,410
2016,28287,410
2016,23682,410
2016,8339,410
2016,14640,410
2016,28769,410
2016,49218,400
2016,2854,400
2016,15582,400
2016,23778,400
2016,34974,400
2016,7602,400
2016,5588,400
2016,393227,400
2016,24251,400
2016,42560,400
2016,32703,400
2016,24810,400
2016,21219,400
2016,42396,390
2016,51737,390
2016,12708,390
2016,46375,390
2016,58895,390
2016,42676,390
2016,13802,390
2016,13773,390
2016,4922,390
2016,9757,390
2016,41302,390
2016,33991,390
2016,50129,390
2016,51351,390
2016,197046,390
2016,7403,380
2016,27964,380
2016,30838,380
2016,18429,380
2016,20647,380
2016,51004,380
2016,21299,380
2016,38673,380
2016,6536,380
2016,9583,380
2016,38676,380
2016,47853,380
2016,4314,380
2016,7672,380
2016,8449,380
2016,36999,380
2016,26133,380
2016,9689,380
2016,21864,380
2016,9848,370
2016,23772,370
2016,24259,370
2016,262673,370
2016,31939,370
2016,53059,370
2016,12208,370
2016,6079,370
2016,8544,370
2016,9459,370
2016,31692,370
2016,30886,370
2016,198357,370
2016,43557,370
2016,12140,370
2016,25408,370
2016,394728,370
2016,31364,370
2016,15493,370
2016,7849,370
2016,31608,370
2016,15227,370
2016,51153,370
2016,51669,360
2016,4007,360
2016,43782,360
2016,8844,360
2016,8752,360
2016,262316,360
2016,48847,360
2016,3,360
2016,47156,360
2016,35370,360
2016,31185,360
2016,27258,360
2016,4826,360
2016,28146,360
2016,36874,360
2016,10352,360
2016,28613,360
2016,24186,360
2016,32765,360
2016,31246,360
2016,34569,360
2016,42555,360
2016,24651,360
2016,8345,360
2016,49223,360
2016,17266,360
2016,40285,360
2016,49044,360
2016,30676,350
2016,12693,350
2016,38680,350
2016,34823,350
2016,39301,350
2016,12772,350
2016,31204,350
2016,51559,350
2016,12350,350
2016,59793,350
2016,262784,350
2016,16030,350
2016,39007,350
2016,45763,350
2016,10697,350
2016,28840,350
2016,23777,350
2016,19092,350
2016,29297,350
2016,58466,350
2016,61275,350
2016,262841,350
2016,199060,350
2016,1668,340
2016,24940,340
2016,43612,340
2016,131222,340
2016,35239,340
2016,36549,340
2016,51223,340
2016,35531,340
2016,39611,340
2016,57374,340
2016,41026,340
2016,7456,340
2016,3243,340
2016,262271,340
2016,196927,340
2016,23956,340
2016,17713,340
2016,44724,330
2016,25830,330
2016,18111,330
2016,36992,330
2016,8953,330
2016,31863,330
2016,8559,330
2016,30164,330
2016,36305,330
2016,35311,330
2016,34524,330
2016,197580,330
2016,8492,330
2016,41235,330
2016,48006,330
2016,29866,330
2016,45769,330
2016,262145,330
2016,6368,330
2016,43802,330
2016,262696,330
2016,200064,330
2016,46181,330
2016,20474,330
2016,8595,330
2016,20523,330
2016,59631,330
2016,57261,330
2016,26760,330
2016,14989,330
2016,15426,320
2016,8053,320
2016,53152,320
2016,1239,320
2016,35530,320
2016,41497,320
2016,38199,320
2016,16019,320
2016,36691,320
2016,26903,320
2016,15102,320
2016,25190,320
2016,27813,320
2016,49984,320
2016,4782,320
2016,14860,320
2016,20911,320
2016,43270,320
2016,25921,320
2016,51815,320
2016,35125,320
2016,198569,320
2016,15502,320
2016,56370,320
2016,24395,320
2016,16526,320
2016,34975,310
2016,59,310
2016,8636,310
2016,58350,310
2016,43761,310
2016,27446,310
2016,34968,310
2016,34267,310
2016,21246,310
2016,34359,310
2016,38115,310
2016,58121,310
2016,42514,310
2016,41558,310
2016,39280,310
2016,29170,310
2016,24709,310
2016,56433,310
2016,18747,310
2016,29208,310
2016,24961,310
2016,21032,310
2016,26546,310
2016,49418,310
2016,41070,310
2016,17293,310
2016,55410,300
2016,262862,300
2016,35573,300
2016,23752,300
2016,196936,300
2016,262387,300
2016,262680,300
2016,39613,300
2016,51336,300
2016,47889,300
2016,197350,300
2016,14828,300
2016,56042,300
2016,5504,300
2016,56787,300
2016,38987,300
2016,13110,300
2016,38457,300
2016,28649,300
2016,31370,300
2016,24827,300
2016,50604,300
2016,48004,300
2016,8580,300
2016,44078,300
2016,18897,290
2016,27879,290
2016,7474,290
2016,17465,290
2016,23127,290
2016,262571,290
2016,11722,290
2016,17149,290
2016,20539,290
2016,15153,290
2016,22639,290
2016,262481,290
2016,44874,290
2016,57396,290
2016,55246,290
2016,46825,290
2016,53956,290
2016,31857,290
2016,5484,290
2016,20625,290
2016,34705,290
2016,46632,290
2016,29069,290
2016,41676,290
2016,39493,280
2016,13094,280
2016,49560,280
2016,5523,280
2016,17408,280
2016,5518,280
2016,55740,280
2016,50004,280
2016,16345,280
2016,51624,280
2016,12846,280
2016,264606,280
2016,38289,280
2016,43727,280
2016,35804,280
2016,6461,280
2016,31,280
2016,34188,280
2016,32694,280
2016,17924,280
2016,53219,280
2016,262825,280
2016,44702,280
2016,28349,280
2016,8758,280
2016,30407,280
2016,8732,280
2016,50563,280
2016,13189,280
2016,262722,280
2016,48149,280
2016,31127,270
2016,20590,270
2016,49183,270
2016,41228,270
2016,49777,270
2016,18094,270
2016,262394,270
2016,35104,270
2016,8448,270
2016,9605,270
2016,38661,270
2016,48331,270
2016,55352,270
2016,7131,270
2016,43413,270
2016,54119,270
2016,9080,270
2016,5719,270
2016,29386,270
2016,53078,270
2016,20300,270
2016,1423,270
2016,27851,270
2016,43567,270
2016,36522,270
2016,29975,270
2016,14369,270
2016,53145,270
2016,28066,270
2016,47283,270
2016,34857,270
2016,15467,270
2016,8990,270
2016,29545,270
2016,28191,260
2016,28634,260
2016,15399,260
2016,16082,260
2016,13097,260
2016,36968,260
2016,10113,260
2016,9908,260
2016,50887,260
2016,44300,260
2016,31213,260
2016,5425,260
2016,14840,260
2016,202058,260
2016,61902,260
2016,39578,260
2016,38341,260
2016,262808,260
2016,10429,260
2016,17958,260
2016,59478,260
2016,31724,260
2016,34170,260
2016,38805,260
2016,55862,260
2016,17961,260
2016,34573,260
2016,38710,260
2016,38094,260
2016,52327,260
2016,51052,260
2016,15267,260
2016,2727,260
2016,58243,260
2016,56055,260
2016,31313,260
2016,203358,260
2016,14133,250
2016,18196,250
2016,9609,250
2016,51440,250
2016,15955,250
2016,43873,250
2016,4663,250
2016,47659,250
2016,34622,250
2016,28683,250
2016,198859,250
2016,48416,250
2016,262288,250
2016,50606,250
2016,262468,250
2016,49743,250
2016,44124,250
2016,16116,250
2016,197831,250
2016,45055,250
2016,44092,250
2016,12570,250
2016,39514,250
2016,46892,250
2016,1213,250
2016,31658,250
2016,262819,250
2016,48289,250
2016,9155,250
2016,53018,250
2016,50025,250
2016,60327,250
2016,40993,250
2016,31655,250
2016,53205,250
2016,201952,250
2016,262664,240
2016,29125,240
2016,197664,240
2016,10001,240
2016,27987,240
2016,5598,240
2016,9541,240
2016,17547,240
2016,29319,240
2016,29414,240
2016,44061,240
2016,262604,240
2016,16160,240
2016,56476,240
2016,17429,240
2016,44963,240
2016,12499,240
2016,197184,240
2016,32262,240
2016,35401,240
2016,51469,240
2016,40029,240
2016,20676,240
2016,8751,240
2016,20875,240
2016,45588,240
2016,28851,240
2016,13230,240
2016,42689,240
2016,23673,240
2016,56133,240
2016,53176,240
2016,21348,240
2016,17222,240
2016,393577,240
2016,133119,240
2016,45539,240
2016,44575,240
2016,44552,240
2016,56983,240
2016,48832,240
2016,262573,240
2016,27650,240
2016,31605,240
2016,6877,230
2016,33515,230
2016,38951,230
2016,23106,230
2016,196638,230
2016,31662,230
2016,52967,230
2016,43207,230
2016,58678,230
2016,46937,230
2016,43513,230
2016,39574,230
2016,10993,230
2016,17877,230
2016,27882,230
2016,2529,230
2016,57333,230
2016,36016,230
2016,10199,230
2016,44566,230
2016,263586,230
2016,7682,230
2016,39898,230
2016,53135,230
2016,48592,230
2016,25180,230
2016,43529,230
2016,50174,230
2016,52999,230
2016,57960,230
2016,28094,230
2016,20161,230
2016,18156,230
2016,17660,230
2016,42368,220
2016,20836,220
2016,8661,220
2016,44027,220
2016,23679,220
2016,34038,220
2016,6528,220
2016,12829,220
2016,17430,220
2016,42518,220
2016,9622,220
2016,13518,220
2016,11105,220
2016,803,220
2016,262150,220
2016,19021,220
2016,21637,220
2016,6332,220
2016,31117,220
2016,12129,220
2016,16230,220
2016,18134,220
2016,10139,220
2016,1819,220
2016,34892,220
2016,263994,220
2016,47266,220
2016,62225,220
2016,14750,220
2016,25100,220
2016,59463,220
2016,38019,220
2016,45051,220
2016,31222,220
2016,16657,220
2016,262561,220
2016,43975,220
2016,13807,220
2016,11172,220
2016,57076,220
2016,48271,220
2016,16342,220
2016,15880,220
2016,57454,220
2016,12177,210
2016,264656,210
2016,12466,210
2016,35540,210
2016,48515,210
2016,41833,210
2016,19582,210
2016,38091,210
2016,16604,210
2016,14988,210
2016,204281,210
2016,31558,210
2016,42371,210
2016,24645,210
2016,36923,210
2016,41599,210
2016,29107,210
2016,196822,210
2016,39271,210
2016,49784,210
2016,24261,210
2016,49565,210
2016,26077,210
2016,278,210
2016,52972,210
2016,26446,210
2016,30517,210
2016,47253,210
2016,34248,210
2016,62825,210
2016,57093,210
2016,9674,210
2016,7477,210
2016,12779,210
2016,27847,210
2016,197708,210
2016,9770,210
2016,50463,210
2016,12530,210
2016,24400,210
2016,34364,210
2016,52308,210
2016,47680,210
2016,197623,210
2016,11550,210
2016,42844,200
2016,7896,200
2016,46154,200
2016,20811,200
2016,47329,200
2016,21183,200
2016,21688,200
2016,28038,200
2016,47370,200
2016,45775,200
2016,23627,200
2016,2611,200
2016,35776,200
2016,3848,200
2016,53217,200
2016,21442,200
2016,21365,200
2016,34630,200
2016,58022,200
2016,41897,200
2016,44563,200
2016,62347,200
2016,24671,200
2016,10249,200
2016,33662,200
2016,20895,200
2016,52432,200
2016,9245,200
2016,263585,200
2016,32939,200
2016,47849,200
2016,51343,200
2016,42739,200
2016,48291,200
2016,10155,200
2016,53271,200
2016,41496,200
2016,50729,200
2016,20135,200
2016,43050,200
2016,34300,200
2016,3218,200
2016,36374,200
2016,197315,200
2016,39326,200
2016,32233,200
2016,42248,200
2016,264667,200
2016,15433,200
2016,21430,190
2016,54182,190
2016,2200,190
2016,13351,190
2016,262805,190
2016,47678,190
2016,53460,190
2016,42049,190
2016,15129,190
2016,15735,190
2016,29685,190
2016,33902,190
2016,20626,190
2016,29582,190
2016,12033,190
2016,39120,190
2016,263236,190
2016,262375,190
2016,35369,190
2016,19008,190
2016,24722,190
2016,42245,190
2016,63089,190
2016,45267,190
2016,57155,190
2016,47507,190
2016,18129,190
2016,262855,190
2016,20665,190
2016,11590,190
2016,39869,190
2016,39411,190
2016,27751,190
2016,52566,190
2016,9497,190
2016,15766,190
2016,43764,190
2016,35087,190
2016,53186,190
2016,39834,190
2016,47531,190
2016,18530,190
2016,31304,190
2016,22501,190
2016,14205,190
2016,14949,190
2016,56592,190
2016,28139,190
2016,12872,190
2016,38701,190
2016,262484,190
2016,22313,190
2016,46009,190
2016,62250,180
2016,13194,180
2016,263879,180
2016,2572,180
2016,393238,180
2016,18209,180
2016,18001,180
2016,56089,180
2016,33544,180
2016,262330,180
2016,28905,180
2016,57869,180
2016,3790,180
2016,20852,180
2016,43708,180
2016,32391,180
2016,1651,180
2016,6702,180
2016,47377,180
2016,41931,180
2016,28824,180
2016,44775,180
2016,21334,180
2016,11816,180
2016,196777,180
2016,44967,180
2016,15344,180
2016,10423,180
2016,59562,180
2016,23944,180
2016,16130,180
2016,132280,180
2016,24814,180
2016,53008,180
2016,51812,180
2016,42574,180
2016,34270,180
2016,20453,180
2016,36845,180
2016,33977,180
2016,36103,180
2016,31263,180
2016,7843,180
2016,18085,180
2016,50780,180
2016,48239,180
2016,13329,180
2016,9378,180
2016,7664,180
2016,52913,180
2016,35539,180
2016,6863,180
2016,10085,180
2016,42526,180
2016,43679,180
2016,31577,180
2016,35100,180
2016,57214,180
2016,28024,170
2016,9340,170
2016,38793,170
2016,18077,170
2016,38333,170
2016,200702,170
2016,20299,170
2016,4809,170
2016,39473,170
2016,50306,170
2016,1756,170
2016,262729,170
2016,12611,170
2016,16895,170
2016,26827,170
2016,4628,170
2016,43687,170
2016,13614,170
2016,37028,170
2016,30549,170
2016,133232,170
2016,37276,170
2016,24945,170
2016,36734,170
2016,58650,170
2016,39032,170
2016,24639,170
2016,28917,170
2016,8308,170
2016,52495,170
2016,48045,170
2016,53202,170
2016,16495,170
2016,43843,170
2016,3855,170
2016,23419,170
2016,2607,170
2016,1916,170
2016,19165,170
2016,44068,170
2016,48452,170
2016,17726,170
2016,262669,170
2016,19662,170
2016,33176,170
2016,41520,170
2016,24758,170
2016,3764,170
2016,39824,170
2016,18092,170
2016,24276,170
2016,38652,170
2016,683,170
2016,53206,170
2016,25946,170
2016,45668,170
2016,58158,170
2016,32584,170
2016,31408,170
2016,33650,170
2016,17072,170
2016,56689,170
2016,52487,170
2016,42431,170
2016,35518,170
2016,35584,170
2016,196695,170
2016,29953,170
2016,53791,170
2016,31059,170
2016,62133,170
2016,15683,170
2016,53207,170
2016,55853,170
2016,10226,170
2016,41368,170
2016,50130,170
2016,198930,170
2016,25,160
2016,47232,160
2016,30372,160
2016,16179,160
2016,263960,160
2016,50022,160
2016,22631,160
2016,37385,160
2016,56707,160
2016,24862,160
2016,56791,160
2016,48212,160
2016,30881,160
2016,39738,160
2016,4618,160
2016,14259,160
2016,8928,160
2016,28255,160
2016,43586,160
2016,30988,160
2016,50397,160
2016,30753,160
2016,393288,160
2016,48944,160
2016,43343,160
2016,48481,160
2016,52474,160
2016,58256,160
2016,24321,160
2016,41201,160
2016,28205,160
2016,18168,160
2016,29687,160
2016,22363,160
2016,18068,160
2016,196735,160
2016,31203,160
2016,24137,160
2016,198411,160
2016,40020,160
2016,262976,160
2016,264479,160
2016,10201,160
2016,28624,160
2016,35574,160
2016,132770,160
2016,17143,160
2016,16097,160
2016,63060,160
2016,25176,160
2016,7633,160
2016,31758,160
2016,12332,160
2016,28847,160
2016,36290,160
2016,45224,160
2016,201646,160
2016,263341,160
2016,44293,160
2016,59567,160
2016,28166,160
2016,262505,160
2016,41887,160
2016,56847,160
2016,18687,160
2016,10094,160
2016,199435,160
2016,55832,160
2016,36917,160
2016,53029,160
2016,30852,160
2016,42919,160
2016,38744,160
2016,57422,160
2016,263701,160
2016,35361,150
2016,198052,150
2016,7516,150
2016,31283,150
2016,16020,150
2016,5739,150
2016,8905,150
2016,18046,150
2016,13213,150
2016,28220,150
2016,9931,150
2016,34965,150
2016,5416,150
2016,27996,150
2016,15691,150
2016,9723,150
2016,13951,150
2016,57304,150
2016,33567,150
2016,29238,150
2016,31507,150
2016,22724,150
2016,47526,150
2016,42947,150
2016,30855,150
2016,15247,150
2016,55254,150
2016,42205,150
2016,27651,150
2016,3354,150
2016,49185,150
2016,16058,150
2016,52056,150
2016,42065,150
2016,8362,150
2016,7557,150
2016,41802,150
2016,58309,150
2016,29485,150
2016,197954,150
2016,23092,150
2016,43865,150
2016,51947,150
2016,31103,150
2016,53144,150
2016,21353,150
2016,37037,150
2016,31841,150
2016,22534,150
2016,29329,150
2016,8399,150
2016,28131,150
2016,34287,150
2016,12816,150
2016,45675,150
2016,394753,150
2016,43801,150
2016,21616,150
2016,39256,150
2016,29571,150
2016,14793,150
2016,24550,150
2016,263628,150
2016,9822,150
2016,44941,150
2016,46920,150
2016,42864,150
2016,201411,150
2016,56300,150
2016,20525,150
2016,29436,150
2016,52901,150
2016,15836,150
2016,24822,150
2016,25877,150
2016,16564,150
2016,45804,150
2016,262296,150
2016,57824,150
2016,13045,150
2016,31400,150
2016,45334,150
2016,2547,150
2016,132116,150
2016,23158,150
2016,13650,150
2016,48670,150
2016,44492,150
2016,4434,150
2016,39447,140
2016,38923,140
2016,49120,140
2016,39668,140
2016,56541,140
2016,41360,140
2016,58081,140
2016,28376,140
2016,199128,140
2016,9316,140
2016,38370,140
2016,263675,140
2016,5408,140
2016,27928,140
2016,28086,140
2016,49301,140
2016,45048,140
2016,23966,140
2016,16399,140
2016,31224,140
2016,31679,140
2016,263795,140
2016,9145,140
2016,262659,140
2016,8395,140
2016,22054,140
2016,28554,140
2016,30749,140
2016,7377,140
2016,262231,140
2016,262743,140
2016,15475,140
2016,9872,140
2016,29061,140
2016,5669,140
2016,22080,140
2016,133585,140
2016,14676,140
2016,10030,140
2016,18192,140
2016,46826,140
2016,394579,140
2016,17785,140
2016,10066,140
2016,262868,140
2016,31556,140
2016,198380,140
2016,50297,140
2016,262284,140
2016,262307,140
2016,20959,140
2016,50247,140
2016,48470,140
2016,45280,140
2016,14430,140
2016,57818,140
2016,5522,140
2016,26725,140
2016,18103,140
2016,61886,140
2016,42017,140
2016,42184,140
2016,9319,140
2016,49603,140
2016,9063,140
2016,41356,140
2016,21413,140
2016,30779,130
2016,21354,130
2016,9997,130
2016,38616,130
2016,18047,130
2016,196977,130
2016,198185,130
2016,37069,130
2016,17707,130
2016,38172,130
2016,9271,130
2016,36905,130
2016,31725,130
2016,11835,130
2016,44811,130
2016,44735,130
2016,39264,130
2016,49304,130
2016,35140,130
2016,14368,130
2016,51543,130
2016,47397,130
2016,21480,130
2016,262323,130
2016,790,130
2016,46792,130
2016,47635,130
2016,28549,130
2016,3339,130
2016,44558,130
2016,56667,130
2016,21921,130
2016,56571,130
2016,28303,130
2016,19180,130
2016,50857,130
2016,35617,130
2016,263055,130
2016,54804,130
2016,40688,130
2016,4795,130
2016,34703,130
2016,50071,130
2016,35328,130
2016,23775,130
2016,3168,130
2016,8273,130
2016,204274,130
2016,28708,130
2016,52614,130
2016,42036,130
2016,12797,130
2016,51487,130
2016,4818,130
2016,262645,130
2016,28311,130
2016,13030,130
2016,16043,130
2016,39545,130
2016,31357,130
2016,53264,130
2016,46437,130
2016,25496,130
2016,18002,130
2016,39396,130
2016,21310,130
2016,42227,130
2016,28509,130
2016,5550,130
2016,4787,130
2016,51009,130
2016,45774,130
2016,197738,120
2016,56969,120
2016,24141,120
2016,12969,120
2016,264642,120
2016,47148,120
2016,37100,120
2016,3397,120
2016,16175,120
2016,52894,120
2016,45903,120
2016,200076,120
2016,262309,120
2016,39216,120
2016,60784,120
2016,28541,120
2016,52955,120
2016,39718,120
2016,38712,120
2016,9981,120
2016,58327,120
2016,263053,120
2016,262813,120
2016,47258,120
2016,49055,120
2016,52989,120
2016,49824,120
2016,197423,120
2016,263508,120
2016,42580,120
2016,44412,120
2016,15658,120
2016,20886,120
2016,20030,120
2016,60203,120
2016,50010,120
2016,47850,120
2016,58659,120
2016,59107,120
2016,42335,120
2016,39777,120
2016,18201,120
2016,5396,120
2016,201328,120
2016,199770,120
2016,60294,120
2016,19605,120
2016,29649,120
2016,51428,120
2016,17747,120
2016,27876,120
2016,8245,120
2016,39375,120
2016,39116,120
2016,35018,120
2016,17857,120
2016,28280,120
2016,263175,120
2016,49315,120
2016,29648,120
2016,16340,120
2016,9260,120
2016,35432,120
2016,3257,120
2016,30985,120
2016,41165,120
2016,16256,120
2016,59402,120
2016,32040,120
2016,9264,120
2016,53646,120
2016,34080,120
2016,262730,120
2016,56580,120
2016,53093,120
2016,34277,120
2016,48169,120
2016,49483,120
2016,16191,120
2016,7575,120
2016,62523,120
2016,18283,120
2016,42908,120
2016,225,120
2016,49037,120
2016,34756,120
2016,9519,120
2016,24249,110
2016,50608,110
2016,263776,110
2016,132761,110
2016,39399,110
2016,28025,110
2016,12481,110
2016,25206,110
2016,21351,110
2016,7018,110
2016,10004,110
2016,2594,110
2016,25447,110
2016,61871,110
2016,24289,110
2016,262495,110
2016,48279,110
2016,47707,110
2016,21226,110
2016,62487,110
2016,16347,110
2016,13000,110
2016,32768,110
2016,43709,110
2016,12346,110
2016,47395,110
2016,43548,110
2016,52578,110
2016,32329,110
2016,55879,110
2016,31038,110
2016,50266,110
2016,54048,110
2016,26288,110
2016,57113,110
2016,23788,110
2016,3169,110
2016,55,110
2016,38280,110
2016,24877,110
2016,49641,110
2016,47530,110
2016,57704,110
2016,60165,110
2016,4686,110
2016,17494,110
2016,25764,110
2016,28142,110
2016,31261,110
2016,28182,110
2016,28685,110
2016,39045,110
2016,44686,110
2016,22191,110
2016,28760,110
2016,39042,110
2016,29544,110
2016,11038,110
2016,48400,110
2016,29744,110
2016,34784,110
2016,12119,110
2016,57808,110
2016,16016,110
2016,31388,110
2016,27334,110
2016,29897,110
2016,28224,110
2016,197227,110
2016,7871,110
2016,34224,110
2016,262773,110
2016,40396,110
2016,48711,110
2016,51935,110
2016,54434,110
2016,132515,110
2016,51079,110
2016,10689,110
2016,262327,110
2016,39775,110
2016,15024,110
2016,132556,110
2016,44736,110
2016,57101,110
2016,53066,110
2016,29979,110
2016,50966,110
2016,31499,100
2016,133165,100
2016,13367,100
2016,34876,100
2016,50074,100
2016,10197,100
2016,37497,100
2016,14901,100
2016,47111,100
2016,35847,100
2016,11403,100
2016,32020,100
2016,31484,100
2016,52194,100
2016,40224,100
2016,35520,100
2016,44247,100
2016,41809,100
2016,20815,100
2016,7016,100
2016,28006,100
2016,12091,100
2016,7341,100
2016,15374,100
2016,3302,100
2016,53238,100
2016,15723,100
2016,39673,100
2016,262748,100
2016,48574,100
2016,9600,100
2016,53143,100
2016,1249,100
2016,41631,100
2016,57235,100
2016,60098,100
2016,22921,100
2016,52268,100
2016,196768,100
2016,15425,100
2016,52708,100
2016,43350,100
2016,7497,100
2016,263166,100
2016,64072,100
2016,16629,100
2016,12112,100
2016,49543,100
2016,5527,100
2016,263622,100
2016,38875,100
2016,35810,100
2016,41585,100
2016,41854,100
2016,6429,100
2016,19940,100
2016,10088,100
2016,38442,100
2016,47562,100
2016,25899,100
2016,9812,100
2016,4770,100
2016,17955,100
2016,27724,100
2016,30944,100
2016,13591,100
2016,263565,100
2016,34187,100
2016,24626,100
2016,60139,100
2016,5071,100
2016,42541,100
2016,197197,100
2016,7600,100
2016,42091,100
2016,8416,100
2016,39288,100
2016,34241,100
2016,15525,100
2016,40995,100
2016,43176,100
2016,34123,100
2016,45960,100
2016,47394,100
2016,50362,100
2016,8670,100
2016,18229,100
2016,12042,100
2016,42935,100
2016,8712,100
2016,393632,100
2016,25441,100
2016,20860,100
2016,35004,100
2016,13113,100
2016,30925,100
2016,25248,100
2016,30174,100
2016,42708,100
2016,6167,100
2016,21859,100
2016,44417,100
2016,52524,100
2016,24739,100
2016,8228,100
2016,28260,100
2016,262401,100
2016,36996,100
2016,9756,100
2016,41421,100
2016,41972,100
2016,26792,100
2016,262689,100
2016,28529,100
2016,20597,90
2016,134616,90
2016,199380,90
2016,48479,90
2016,24792,90
2016,262775,90
2016,133334,90
2016,53052,90
2016,263353,90
2016,27630,90
2016,201577,90
2016,45814,90
2016,132933,90
2016,49718,90
2016,34977,90
2016,12739,90
2016,17534,90
2016,56268,90
2016,2840,90
2016,198110,90
2016,25531,90
2016,36471,90
2016,42187,90
2016,51037,90
2016,57516,90
2016,133678,90
2016,29753,90
2016,378,90
2016,263636,90
2016,28279,90
2016,52781,90
2016,41715,90
2016,52263,90
2016,12361,90
2016,197897,90
2016,32028,90
2016,31588,90
2016,199096,90
2016,22933,90
2016,52661,90
2016,19975,90
2016,14434,90
2016,42861,90
2016,134102,90
2016,30890,90
2016,45117,90
2016,15331,90
2016,10396,90
2016,50386,90
2016,38635,90
2016,7829,90
2016,26223,90
2016,5500,90
2016,54329,90
2016,11233,90
2016,27,90
2016,44056,90
2016,22909,90
2016,53707,90
2016,8643,90
2016,28618,90
2016,201953,90
2016,10481,90
2016,61996,90
2016,34990,90
2016,61869,90
2016,40866,90
2016,133720,90
2016,24547,90
2016,34804,90
2016,6059,90
2016,28878,90
2016,31291,90
2016,45951,90
2016,197343,90
2016,12998,90
2016,134139,90
2016,30619,90
2016,7505,90
2016,29900,90
2016,47241,90
2016,262650,90
2016,27204,90
2016,31027,90
2016,6653,90
2016,197522,90
2016,49944,90
2016,34337,90
2016,52974,90
2016,51167,90
2016,49821,90
2016,13790,90
2016,34674,90
2016,21757,90
2016,44600,90
2016,51612,90
2016,132390,90
2016,198277,90
2016,52993,90
2016,262496,90
2016,2706,90
2016,132220,90
2016,4750,90
2016,31343,90
2016,51078,90
2016,52790,90
2016,1134,90
2016,56435,90
2016,13536,90
2016,198056,90
2016,52444,90
2016,48526,90
2016,2914,90
2016,197015,90
2016,15435,90
2016,15747,90
2016,35505,90
2016,48957,90
2016,133658,90
2016,42523,90
2016,32181,90
2016,29596,90
2016,19447,90
2016,5752,90
2016,52105,90
2016,25592,90
2016,28075,90
2016,50477,90
2016,27734,90
2016,45235,90
2016,48747,90
2016,30462,90
2016,34659,90
2016,60738,90
2016,25002,90
2016,58237,90
2016,25139,90
2016,2711,90
2016,7122,90
2016,28161,90
2016,47203,80
2016,9031,80
2016,15470,80
2016,23487,80
2016,11020,80
2016,37232,80
2016,36790,80
2016,132157,80
2016,39145,80
2016,53172,80
2016,201997,80
2016,7565,80
2016,34757,80
2016,34232,80
2016,5615,80
2016,28201,80
2016,22258,80
2016,202177,80
2016,53131,80
2016,6661,80
2016,51012,80
2016,196782,80
2016,44514,80
2016,22381,80
2016,42668,80
2016,54665,80
2016,56448,80
2016,28128,80
2016,44651,80
2016,263163,80
2016,50989,80
2016,21503,80
2016,50204,80
2016,61171,80
2016,14709,80
2016,28661,80
2016,41124,80
2016,22299,80
2016,41339,80
2016,45429,80
2016,13783,80
2016,7543,80
2016,33924,80
2016,19711,80
2016,12357,80
2016,197295,80
2016,31856,80
2016,44964,80
2016,50994,80
2016,50126,80
2016,29632,80
2016,30999,80
2016,33871,80
2016,48207,80
2016,61820,80
2016,9119,80
2016,52213,80
2016,53056,80
2016,27901,80
2016,34326,80
2016,42766,80
2016,35261,80
2016,9971,80
2016,12252,80
2016,40244,80
2016,29076,80
2016,5421,80
2016,21612,80
2016,31345,80
2016,55465,80
2016,56482,80
2016,44212,80
2016,48226,80
2016,32922,80
2016,39912,80
2016,262668,80
2016,43434,80
2016,61698,80
2016,28093,80
2016,61860,80
2016,25211,80
2016,263017,80
2016,21497,80
2016,62592,80
2016,34824,80
2016,6706,80
2016,55814,80
2016,28277,80
2016,45113,80
2016,38809,80
2016,21483,80
2016,50581,80
2016,9246,80
2016,28009,80
2016,33556,80
2016,60747,80
2016,21249,80
2016,31376,80
2016,264305,80
2016,47688,80
2016,50591,80
2016,263512,80
2016,262945,80
2016,24111,80
2016,51069,80
2016,9905,80
2016,263653,80
2016,4761,80
2016,52257,80
2016,14457,80
2016,42530,80
2016,2715,80
2016,45232,80
2016,52009,80
2016,53184,80
2016,16181,80
2016,61460,80
2016,41148,80
2016,16186,80
2016,43451,80
2016,51356,80
2016,43258,80
2016,42765,80
2016,262827,80
2016,3261,80
2016,47359,80
2016,35352,80
2016,41601,80
2016,28192,80
2016,49350,80
2016,39709,80
2016,29053,80
2016,42975,80
2016,35916,80
2016,29049,80
2016,49577,80
2016,28208,80
2016,14574,80
2016,51929,80
2016,11711,80
2016,28088,80
2016,4755,80
2016,60985,80
2016,13768,80
2016,133605,80
2016,37081,80
2016,22792,80
2016,9753,80
2016,50317,80
2016,263382,80
2016,14978,80
2016,52498,80
2016,53139,70
2016,558,70
2016,262428,70
2016,44252,70
2016,61650,70
2016,24750,70
2016,2546,70
2016,27720,70
2016,57389,70
2016,54540,70
2016,24762,70
2016,28571,70
2016,28907,70
2016,35571,70
2016,12615,70
2016,42498,70
2016,41937,70
2016,41046,70
2016,34295,70
2016,29831,70
2016,34065,70
2016,38097,70
2016,37455,70
2016,62409,70
2016,41856,70
2016,51973,70
2016,15093,70
2016,40997,70
2016,8301,70
2016,134014,70
2016,201776,70
2016,19800,70
2016,204266,70
2016,15997,70
2016,26734,70
2016,39741,70
2016,14371,70
2016,55140,70
2016,6663,70
2016,28244,70
2016,133652,70
2016,54512,70
2016,262736,70
2016,43400,70
2016,34665,70
2016,42922,70
2016,27176,70
2016,196629,70
2016,57003,70
2016,3323,70
2016,198577,70
2016,28183,70
2016,35267,70
2016,32811,70
2016,61923,70
2016,52666,70
2016,16643,70
2016,5495,70
2016,12985,70
2016,17683,70
2016,51725,70
2016,47752,70
2016,11970,70
2016,58002,70
2016,52364,70
2016,262293,70
2016,19332,70
2016,28140,70
2016,28008,70
2016,30975,70
2016,37140,70
2016,13451,70
2016,8343,70
2016,262492,70
2016,10277,70
2016,53132,70
2016,10753,70
2016,12586,70
2016,35214,70
2016,47895,70
2016,9164,70
2016,46315,70
2016,42912,70
2016,37546,70
2016,35549,70
2016,26611,70
2016,6677,70
2016,4877,70
2016,21366,70
2016,21570,70
2016,47245,70
2016,34351,70
2016,38121,70
2016,262444,70
2016,47304,70
2016,264498,70
2016,32315,70
2016,264362,70
2016,36943,70
2016,28656,70
2016,394111,70
2016,42547,70
2016,50198,70
2016,42314,70
2016,48780,70
2016,133726,70
2016,34999,70
2016,49040,70
2016,50274,70
2016,61723,70
2016,28787,70
2016,27738,70
2016,262359,70
2016,55053,70
2016,18780,70
2016,57730,70
2016,32592,70
2016,393275,70
2016,35753,70
2016,16206,70
2016,4307,70
2016,49115,70
2016,54373,70
2016,51622,70
2016,133187,70
2016,47794,70
2016,15290,70
2016,262973,70
2016,60627,70
2016,11915,70
2016,20015,70
2016,263699,70
2016,31593,70
2016,29422,70
2016,38103,70
2016,51101,70
2016,24416,70
2016,51273,70
2016,263608,70
2016,50031,70
2016,58136,70
2016,46692,70
2016,34771,70
2016,61174,70
2016,33037,70
2016,57982,70
2016,20657,70
2016,25184,70
2016,53764,70
2016,27967,70
2016,262638,70
2016,198137,70
2016,47624,70
2016,21466,70
2016,25227,70
2016,24154,70
2016,133717,70
2016,24962,70
2016,134236,70
2016,56449,70
2016,262470,60
2016,37168,60
2016,8092,60
2016,3659,60
2016,263652,60
2016,34594,60
2016,56868,60
2016,11340,60
2016,8365,60
2016,196740,60
2016,42690,60
2016,47402,60
2016,263786,60
2016,7590,60
2016,27696,60
2016,2107,60
2016,22750,60
2016,27338,60
2016,2505,60
2016,30633,60
2016,15471,60
2016,49352,60
2016,33993,60
2016,48124,60
2016,16832,60
2016,264878,60
2016,52101,60
2016,264100,60
2016,59914,60
2016,54179,60
2016,32580,60
2016,132737,60
2016,43260,60
2016,39431,60
2016,15517,60
2016,22884,60
2016,24889,60
2016,13099,60
2016,20904,60
2016,17625,60
2016,12496,60
2016,49478,60
2016,3561,60
2016,199547,60
2016,262726,60
2016,55828,60
2016,26110,60
2016,21312,60
2016,29676,60
2016,60168,60
2016,134045,60
2016,19212,60
2016,14,60
2016,58541,60
2016,28154,60
2016,262759,60
2016,13927,60
2016,44798,60
2016,14728,60
2016,49741,60
2016,30165,60
2016,18268,60
2016,12455,60
2016,263267,60
2016,262345,60
2016,7004,60
2016,196689,60
2016,12552,60
2016,59506,60
2016,265232,60
2016,48624,60
2016,57613,60
2016,33758,60
2016,28169,60
2016,17665,60
2016,20473,60
2016,52879,60
2016,57718,60
2016,197901,60
2016,50503,60
2016,53081,60
2016,264589,60
2016,52766,60
2016,36813,60
2016,52435,60
2016,39860,60
2016,62440,60
2016,12436,60
2016,8605,60
2016,39356,60
2016,58271,60
2016,12,60
2016,51592,60
2016,59766,60
2016,200524,60
2016,59443,60
2016,26479,60
2016,4800,60
2016,13635,60
2016,57320,60
2016,24530,60
2016,63083,60
2016,45954,60
2016,35272,60
2016,47169,60
2016,35320,60
2016,42163,60
2016,40723,60
2016,35297,60
2016,39449,60
2016,28773,60
2016,36994,60
2016,47447,60
2016,262569,60
2016,28100,60
2016,31275,60
2016,57489,60
2016,18791,60
2016,21438,60
2016,35985,60
2016,31512,60
2016,15321,60
2016,263517,60
2016,43555,60
2016,9241,60
2016,8920,60
2016,11847,60
2016,8200,60
2016,4764,60
2016,30983,60
2016,23632,60
2016,43103,60
2016,262497,60
2016,53424,60
2016,134022,60
2016,17379,60
2016,56995,60
2016,24138,60
2016,9615,60
2016,38437,60
2016,33887,60
2016,14979,60
2016,33631,60
2016,201352,60
2016,262848,60
2016,264212,60
2016,39886,60
2016,29475,60
2016,29706,60
2016,29442,60
2016,23105,60
2016,262810,60
2016,59763,60
2016,29870,60
2016,10029,60
2016,47873,60
2016,60257,60
2016,6582,60
2016,11473,60
2016,39835,60
2016,31169,60
2016,5738,60
2016,50556,60
2016,60213,60
2016,53246,60
2016,198551,60
2016,199666,60
2016,201218,60
2016,47747,60
2016,52744,60
2016,16022,60
2016,36545,60
2016,17619,60
2016,48057,60
2016,262785,60
2016,134257,60
2016,13306,60
2016,36882,60
2016,25189,60
2016,57862,60
2016,17950,60
2016,262681,60
2016,265206,60
2016,59671,60
2016,59623,60
2016,27787,60
2016,262843,60
2016,27618,60
2016,31319,60
2016,263514,60
2016,15670,60
2016,53160,60
2016,56761,60
2016,44692,60
2016,42334,60
2016,57889,60
2016,9206,60
2016,17763,60
2016,201978,60
2016,47366,60
2016,8278,60
2016,36610,60
2016,9874,60
2016,263780,60
2016,56520,50
2016,263677,50
2016,11152,50
2016,262385,50
2016,44454,50
2016,263120,50
2016,19465,50
2016,52944,50
2016,45021,50
2016,21294,50
2016,25607,50
2016,39194,50
2016,48667,50
2016,52253,50
2016,56340,50
2016,9572,50
2016,5467,50
2016,263896,50
2016,49529,50
2016,262592,50
2016,133593,50
2016,36958,50
2016,27425,50
2016,49699,50
2016,52605,50
2016,53111,50
2016,20631,50
2016,17908,50
2016,263616,50
2016,45007,50
2016,9122,50
2016,9444,50
2016,52872,50
2016,32264,50
2016,23949,50
2016,4730,50
2016,29231,50
2016,264009,50
2016,52758,50
2016,57311,50
2016,56626,50
2016,24004,50
2016,59461,50
2016,8334,50
2016,11472,50
2016,262649,50
2016,53233,50
2016,394362,50
2016,263834,50
2016,6758,50
2016,48354,50
2016,198757,50
2016,48176,50
2016,262691,50
2016,132453,50
2016,198000,50
2016,196728,50
2016,55734,50
2016,62257,50
2016,46598,50
2016,39300,50
2016,52040,50
2016,42395,50
2016,48506,50
2016,29357,50
2016,5387,50
2016,263057,50
2016,34047,50
2016,197451,50
2016,132199,50
2016,43994,50
2016,37189,50
2016,50272,50
2016,22667,50
2016,50367,50
2016,16824,50
2016,262434,50
2016,38193,50
2016,49971,50
2016,132996,50
2016,21195,50
2016,197401,50
2016,29050,50
2016,40961,50
2016,40794,50
2016,13354,50
2016,23780,50
2016,55806,50
2016,29465,50
2016,265140,50
2016,48544,50
2016,132883,50
2016,63711,50
2016,39365,50
2016,34909,50
2016,5532,50
2016,24204,50
2016,49732,50
2016,42145,50
2016,8324,50
2016,35362,50
2016,43967,50
2016,58600,50
2016,19037,50
2016,27761,50
2016,59566,50
2016,44217,50
2016,33491,50
2016,25299,50
2016,42155,50
2016,17421,50
2016,51011,50
2016,197078,50
2016,34347,50
2016,31167,50
2016,12204,50
2016,3325,50
2016,264138,50
2016,28123,50
2016,17210,50
2016,37340,50
2016,24233,50
2016,262675,50
2016,12312,50
2016,35205,50
2016,18135,50
2016,24525,50
2016,2586,50
2016,5758,50
2016,12059,50
2016,36877,50
2016,28238,50
2016,41034,50
2016,53047,50
2016,15772,50
2016,34376,50
2016,32953,50
2016,52657,50
2016,23618,50
2016,26793,50
2016,20773,50
2016,262617,50
2016,196969,50
2016,20978,50
2016,43658,50
2016,263135,50
2016,56503,50
2016,31638,50
2016,6810,50
2016,11014,50
2016,263432,50
2016,48281,50
2016,133414,50
2016,7643,50
2016,26205,50
2016,24978,50
2016,199836,50
2016,262620,50
2016,48366,50
2016,20623,50
2016,14090,50
2016,53121,50
2016,24588,50
2016,7624,50
2016,33182,50
2016,4385,50
2016,34133,50
2016,49444,50
2016,39401,50
2016,198183,50
2016,33904,50
2016,23872,50
2016,42005,50
2016,50528,50
2016,15122,50
2016,57121,50
2016,55330,50
2016,23828,50
2016,24867,50
2016,32444,50
2016,13122,50
2016,52979,50
2016,262376,50
2016,57912,50
2016,49749,50
2016,133649,50
2016,262493,50
2016,27694,50
2016,30812,50
2016,52354,50
2016,198571,50
2016,21898,50
2016,25308,50
2016,197484,50
2016,14517,50
2016,28647,50
2016,263928,50
2016,37009,50
2016,20091,50
2016,264530,50
2016,57794,50
2016,54290,50
2016,197077,50
2016,28982,50
2016,15318,50
2016,53123,50
2016,327687,50
2016,197725,50
2016,60896,50
2016,32098,50
2016,25274,50
2016,43148,50
2016,204010,50
2016,263623,50
2016,62522,50
2016,58725,50
2016,41820,50
2016,10507,50
2016,37640,50
2016,262849,50
2016,43989,50
2016,51337,50
2016,47898,50
2016,41161,50
2016,26504,50
2016,16372,50
2016,56472,50
2016,57543,50
2016,132747,50
2016,196815,50
2016,58142,50
2016,21580,50
2016,61821,50
2016,61344,50
2016,39046,50
2016,37560,50
2016,29128,50
2016,43774,50
2016,35147,50
2016,263073,50
2016,201325,50
2016,47796,50
2016,53194,50
2016,8888,50
2016,40076,50
2016,38031,50
2016,134009,50
2016,36974,50
2016,41232,50
2016,15320,50
2016,28330,50
2016,52836,50
2016,59782,50
2016,9441,50
2016,264348,50
2016,29276,50
2016,19114,50
2016,52761,50
2016,43109,50
2016,61308,50
2016,264528,50
2016,25454,50
2016,264280,50
2016,263113,40
2016,41465,40
2016,11282,40
2016,7604,40
2016,199636,40
2016,198259,40
2016,132454,40
2016,262871,40
2016,33786,40
2016,199987,40
2016,42590,40
2016,51653,40
2016,22442,40
2016,2852,40
2016,196921,40
2016,32634,40
2016,48828,40
2016,197235,40
2016,56822,40
2016,52371,40
2016,52693,40
2016,265162,40
2016,28860,40
2016,53055,40
2016,16823,40
2016,30910,40
2016,28832,40
2016,35182,40
2016,9303,40
2016,52419,40
2016,43966,40
2016,58953,40
2016,262997,40
2016,33725,40
2016,58321,40
2016,26801,40
2016,264085,40
2016,47155,40
2016,18245,40
2016,134404,40
2016,11610,40
2016,134749,40
2016,131215,40
2016,50886,40
2016,262809,40
2016,10996,40
2016,38127,40
2016,45725,40
2016,46449,40
2016,20870,40
2016,23974,40
2016,57293,40
2016,263112,40
2016,46664,40
2016,37216,40
2016,11597,40
2016,54142,40
2016,23805,40
2016,25145,40
2016,45694,40
2016,31163,40
2016,29179,40
2016,198448,40
2016,14618,40
2016,56833,40
2016,17639,40
2016,28284,40
2016,42477,40
2016,35662,40
2016,25374,40
2016,262834,40
2016,44859,40
2016,203767,40
2016,8632,40
2016,29396,40
2016,60871,40
2016,48330,40
2016,9104,40
2016,39812,40
2016,7250,40
2016,38625,40
2016,50594,40
2016,262734,40
2016,42487,40
2016,28211,40
2016,44391,40
2016,32808,40
2016,263260,40
2016,262239,40
2016,32453,40
2016,48612,40
2016,9051,40
2016,264505,40
2016,134343,40
2016,18171,40
2016,1640,40
2016,265222,40
2016,19518,40
2016,29388,40
2016,263899,40
2016,265136,40
2016,38819,40
2016,12796,40
2016,58405,40
2016,201686,40
2016,53108,40
2016,25851,40
2016,20912,40
2016,264527,40
2016,11961,40
2016,49724,40
2016,38450,40
2016,50804,40
2016,43433,40
2016,23391,40
2016,264680,40
2016,196821,40
2016,52603,40
2016,16696,40
2016,51154,40
2016,17435,40
2016,30781,40
2016,264192,40
2016,18276,40
2016,37517,40
2016,42769,40
2016,199713,40
2016,47551,40
2016,42839,40
2016,39714,40
2016,37381,40
2016,39582,40
2016,12764,40
2016,52565,40
2016,327892,40
2016,37943,40
2016,34513,40
2016,28635,40
2016,29405,40
2016,34315,40
2016,32645,40
2016,34620,40
2016,50289,40
2016,47211,40
2016,59913,40
2016,44816,40
2016,57016,40
2016,50716,40
2016,12539,40
2016,53098,40
2016,36316,40
2016,20533,40
2016,31321,40
2016,10821,40
2016,43533,40
2016,35115,40
2016,53959,40
2016,53916,40
2016,264272,40
2016,35122,40
2016,24767,40
2016,51256,40
2016,21867,40
2016,59050,40
2016,263424,40
2016,39569,40
2016,30793,40
2016,49558,40
2016,38958,40
2016,43627,40
2016,31208,40
2016,38192,40
2016,48999,40
2016,41006,40
2016,34676,40
2016,52904,40
2016,31122,40
2016,64023,40
2016,197624,40
2016,60641,40
2016,9601,40
2016,393821,40
2016,30916,40
2016,13259,40
2016,264602,40
2016,327936,40
2016,49156,40
2016,12056,40
2016,25505,40
2016,59515,40
2016,16006,40
2016,133275,40
2016,43237,40
2016,263838,40
2016,52846,40
2016,62201,40
2016,9862,40
2016,393964,40
2016,59162,40
2016,43273,40
2016,50161,40
2016,6539,40
2016,43045,40
2016,49740,40
2016,29688,40
2016,262514,40
2016,20971,40
2016,43022,40
2016,201229,40
2016,30902,40
2016,23292,40
2016,46844,40
2016,34093,40
2016,46238,40
2016,48123,40
2016,263230,40
2016,27837,40
2016,2552,40
2016,50810,40
2016,8491,40
2016,21271,40
2016,28223,40
2016,24200,40
2016,262230,40
2016,42285,40
2016,10098,40
2016,62412,40
2016,8478,40
2016,49544,40
2016,43274,40
2016,265135,40
2016,53230,40
2016,263321,40
2016,56812,40
2016,16413,40
2016,16591,40
2016,29665,40
2016,23243,40
2016,132579,40
2016,34547,40
2016,589,40
2016,47996,40
2016,22110,40
2016,52405,40
2016,15706,40
2016,45650,40
2016,9352,40
2016,35376,40
2016,23923,40
2016,28252,40
2016,58189,40
2016,45335,40
2016,5385,40
2016,19754,40
2016,52630,40
2016,265187,40
2016,53169,40
2016,203817,40
2016,264378,40
2016,47175,40
2016,3238,40
2016,49863,40
2016,46685,40
2016,20377,40
2016,51968,40
2016,26919,40
2016,56328,40
2016,263441,40
2016,30745,40
2016,22552,40
2016,50727,40
2016,23308,40
2016,59498,40
2016,47478,40
2016,262333,40
2016,14232,40
2016,43746,40
2016,28218,40
2016,35664,40
2016,48730,40
2016,4319,40
2016,262749,40
2016,264359,40
2016,262637,40
2016,53073,40
2016,263339,40
2016,8323,40
2016,8267,40
2016,42831,40
2016,15782,40
2016,4497,40
2016,263789,40
2016,37053,40
2016,28667,40
2016,44826,40
2016,39406,40
2016,16054,40
2016,52145,40
2016,45345,30
2016,39102,30
2016,50439,30
2016,40028,30
2016,56048,30
2016,12703,30
2016,33892,30
2016,23370,30
2016,31568,30
2016,38209,30
2016,13794,30
2016,52339,30
2016,14140,30
2016,265242,30
2016,51597,30
2016,61949,30
2016,34426,30
2016,37430,30
2016,28259,30
2016,26674,30
2016,43908,30
2016,18812,30
2016,264306,30
2016,4675,30
2016,4637,30
2016,13654,30
2016,42377,30
2016,51399,30
2016,20328,30
2016,58067,30
2016,58073,30
2016,24516,30
2016,133982,30
2016,55507,30
2016,198001,30
2016,42087,30
2016,31314,30
2016,15003,30
2016,30436,30
2016,3842,30
2016,262877,30
2016,198381,30
2016,264408,30
2016,61696,30
2016,55803,30
2016,33947,30
2016,56047,30
2016,43724,30
2016,46811,30
2016,1982,30
2016,55831,30
2016,16242,30
2016,53048,30
2016,8970,30
2016,59475,30
2016,38105,30
2016,52888,30
2016,28947,30
2016,51711,30
2016,4670,30
2016,11191,30
2016,9,30
2016,197998,30
2016,47866,30
2016,23635,30
2016,133246,30
2016,42423,30
2016,41957,30
2016,61406,30
2016,197112,30
2016,265139,30
2016,23225,30
2016,264295,30
2016,133689,30
2016,42575,30
2016,52323,30
2016,39701,30
2016,262914,30
2016,43786,30
2016,34205,30
2016,33986,30
2016,198485,30
2016,59497,30
2016,28843,30
2016,41575,30
2016,29278,30
2016,201453,30
2016,36351,30
2016,262575,30
2016,8412,30
2016,32354,30
2016,59533,30
2016,39822,30
2016,263861,30
2016,15638,30
2016,263086,30
2016,58610,30
2016,40933,30
2016,376,30
2016,35588,30
2016,31036,30
2016,264659,30
2016,262980,30
2016,28657,30
2016,134337,30
2016,20993,30
2016,29413,30
2016,262391,30
2016,52776,30
2016,36487,30
2016,262958,30
2016,201361,30
2016,46525,30
2016,201540,30
2016,52898,30
2016,56653,30
2016,62695,30
2016,131293,30
2016,203353,30
2016,18734,30
2016,9142,30
2016,30783,30
2016,28669,30
2016,263667,30
2016,23265,30
2016,264319,30
2016,31195,30
2016,40099,30
2016,134740,30
2016,43564,30
2016,13413,30
2016,52073,30
2016,28620,30
2016,29372,30
2016,8697,30
2016,39407,30
2016,49300,30
2016,263539,30
2016,43070,30
2016,41823,30
2016,197999,30
2016,44884,30
2016,203751,30
2016,60191,30
2016,11231,30
2016,31475,30
2016,263144,30
2016,262634,30
2016,12675,30
2016,28289,30
2016,20510,30
2016,25187,30
2016,264270,30
2016,25961,30
2016,47271,30
2016,44506,30
2016,57723,30
2016,263324,30
2016,52546,30
2016,196925,30
2016,21236,30
2016,15830,30
2016,265290,30
2016,44927,30
2016,41665,30
2016,15165,30
2016,50629,30
2016,53050,30
2016,48117,30
2016,59665,30
2016,50299,30
2016,13257,30
2016,29555,30
2016,197002,30
2016,262364,30
2016,56796,30
2016,21659,30
2016,10674,30
2016,46853,30
2016,263342,30
2016,52116,30
2016,5683,30
2016,1653,30
2016,263344,30
2016,51997,30
2016,47223,30
2016,2553,30
2016,44257,30
2016,5078,30
2016,198112,30
2016,200001,30
2016,3695,30
2016,16739,30
2016,32097,30
2016,28254,30
2016,39766,30
2016,49221,30
2016,393706,30
2016,262183,30
2016,16596,30
2016,197734,30
2016,201167,30
2016,197033,30
2016,42305,30
2016,32331,30
2016,6163,30
2016,263886,30
2016,263657,30
2016,15065,30
2016,264103,30
2016,21419,30
2016,20519,30
2016,46328,30
2016,56660,30
2016,47234,30
2016,52535,30
2016,33509,30
2016,56459,30
2016,50168,30
2016,39553,30
2016,17557,30
2016,42429,30
2016,41904,30
2016,198719,30
2016,12843,30
2016,47702,30
2016,9764,30
2016,36969,30
2016,57041,30
2016,133421,30
2016,31877,30
2016,50466,30
2016,43443,30
2016,28994,30
2016,28906,30
2016,49767,30
2016,21287,30
2016,17671,30
2016,14500,30
2016,28138,30
2016,30340,30
2016,133001,30
2016,39464,30
2016,264288,30
2016,56709,30
2016,10392,30
2016,40633,30
2016,53040,30
2016,17670,30
2016,52539,30
2016,38794,30
2016,41837,30
2016,60084,30
2016,56525,30
2016,133590,30
2016,21240,30
2016,23188,30
2016,11315,30
2016,52736,30
2016,264199,30
2016,25003,30
2016,2602,30
2016,49979,30
2016,6487,30
2016,56889,30
2016,52631,30
2016,62107,30
2016,25381,30
2016,22980,30
2016,17849,30
2016,45891,30
2016,18450,30
2016,53130,30
2016,40676,30
2016,25375,30
2016,198668,30
2016,264375,30
2016,262704,30
2016,264882,30
2016,327750,30
2016,59476,30
2016,52841,30
2016,55915,30
2016,52978,30
2016,48273,30
2016,48688,30
2016,52477,30
2016,12028,30
2016,49242,30
2016,8242,30
2016,56487,30
2016,262893,30
2016,3217,30
2016,15713,30
2016,43212,30
2016,18371,30
2016,27294,30
2016,24255,30
2016,51655,30
2016,56399,30
2016,51191,30
2016,60267,30
2016,52794,30
2016,28642,30
2016,15623,30
2016,264157,30
2016,38571,30
2016,57251,30
2016,24895,30
2016,52759,30
2016,48082,30
2016,48302,30
2016,21374,30
2016,44678,30
2016,24324,30
2016,24783,30
2016,263497,30
2016,23822,30
2016,27325,30
2016,6619,30
2016,198640,30
2016,28158,30
2016,48034,30
2016,48241,30
2016,41371,30
2016,20663,30
2016,262600,30
2016,20771,30
2016,17820,30
2016,11606,30
2016,30844,30
2016,8890,30
2016,27680,30
2016,8623,30
2016,197405,30
2016,21131,30
2016,43266,30
2016,43031,30
2016,201194,30
2016,49170,30
2016,199980,30
2016,53423,30
2016,17828,30
2016,49129,30
2016,54334,30
2016,38235,30
2016,12173,30
2016,263070,30
2016,8922,30
2016,5567,30
2016,53065,30
2016,55341,30
2016,53054,30
2016,8251,30
2016,42291,30
2016,15694,30
2016,46393,30
2016,134238,30
2016,9503,30
2016,131146,30
2016,41997,30
2016,197070,30
2016,6724,30
2016,35162,30
2016,44629,30
2016,29443,30
2016,38229,30
2016,38901,30
2016,50981,30
2016,50302,30
2016,44743,30
2016,37417,30
2016,264549,30
2016,47452,30
2016,393796,30
2016,23860,30
2016,3593,30
2016,34686,30
2016,264437,30
2016,9657,30
2016,263473,30
2016,8224,30
2016,209,30
2016,40641,30
2016,37357,30
2016,135310,30
2016,36105,30
2016,41266,30
2016,32907,30
2016,9131,30
2016,40156,30
2016,60569,30
2016,44664,30
2016,41202,30
2016,44269,30
2016,51873,30
2016,49325,30
2016,49588,30
2016,262624,30
2016,31359,30
2016,15874,30
2016,263981,30
2016,52951,20
2016,262560,20
2016,52686,20
2016,41088,20
2016,60636,20
2016,263142,20
2016,18853,20
2016,45455,20
2016,262426,20
2016,264493,20
2016,63923,20
2016,34916,20
2016,264030,20
2016,21228,20
2016,14749,20
2016,57446,20
2016,61930,20
2016,35893,20
2016,51918,20
2016,46193,20
2016,264518,20
2016,31336,20
2016,58691,20
2016,263598,20
2016,262683,20
2016,59164,20
2016,263982,20
2016,24904,20
2016,262725,20
2016,51451,20
2016,262229,20
2016,22245,20
2016,198394,20
2016,16083,20
2016,35566,20
2016,27193,20
2016,16948,20
2016,19191,20
2016,4150,20
2016,36930,20
2016,18978,20
2016,52428,20
2016,15685,20
2016,394738,20
2016,15576,20
2016,45475,20
2016,58230,20
2016,5033,20
2016,49102,20
2016,199020,20
2016,14037,20
2016,32083,20
2016,198193,20
2016,6510,20
2016,54771,20
2016,59481,20
2016,262283,20
2016,39512,20
2016,62383,20
2016,203068,20
2016,44377,20
2016,51937,20
2016,28359,20
2016,47569,20
2016,47869,20
2016,25376,20
2016,197217,20
2016,50181,20
2016,7668,20
2016,200094,20
2016,9637,20
2016,28348,20
2016,9982,20
2016,263408,20
2016,262895,20
2016,8431,20
2016,55644,20
2016,54326,20
2016,263064,20
2016,34949,20
2016,24158,20
2016,8781,20
2016,262221,20
2016,28155,20
2016,21305,20
2016,16323,20
2016,31554,20
2016,11367,20
2016,35745,20
2016,50643,20
2016,61920,20
2016,49711,20
2016,132976,20
2016,48939,20
2016,19627,20
2016,28338,20
2016,21559,20
2016,47782,20
2016,50635,20
2016,1741,20
2016,262699,20
2016,263595,20
2016,34254,20
2016,4751,20
2016,50083,20
2016,264172,20
2016,56352,20
2016,264093,20
2016,52349,20
2016,394308,20
2016,8256,20
2016,262999,20
2016,17907,20
2016,61890,20
2016,52840,20
2016,24290,20
2016,52732,20
2016,20857,20
2016,41314,20
2016,9002,20
2016,45102,20
2016,49320,20
2016,197515,20
2016,36914,20
2016,48081,20
2016,24689,20
2016,28276,20
2016,28235,20
2016,133647,20
2016,48818,20
2016,37711,20
2016,51390,20
2016,203255,20
2016,53210,20
2016,52702,20
2016,202172,20
2016,24659,20
2016,56575,20
2016,12019,20
2016,8753,20
2016,53113,20
2016,197223,20
2016,52662,20
2016,46455,20
2016,10242,20
2016,47443,20
2016,5048,20
2016,29446,20
2016,52516,20
2016,44981,20
2016,49689,20
2016,57975,20
2016,263908,20
2016,52699,20
2016,22732,20
2016,6221,20
2016,62105,20
2016,24999,20
2016,134420,20
2016,16849,20
2016,20804,20
2016,263973,20
2016,6263,20
2016,24342,20
2016,264297,20
2016,18616,20
2016,49367,20
2016,133374,20
2016,20545,20
2016,48322,20
2016,197113,20
2016,52639,20
2016,5390,20
2016,28241,20
2016,60501,20
2016,28153,20
2016,9336,20
2016,43970,20
2016,262449,20
2016,59403,20
2016,51944,20
2016,28538,20
2016,62459,20
2016,15191,20
2016,40784,20
2016,203002,20
2016,26531,20
2016,53112,20
2016,263284,20
2016,262311,20
2016,57013,20
2016,5381,20
2016,48971,20
2016,21724,20
2016,52577,20
2016,263100,20
2016,15617,20
2016,264195,20
2016,57007,20
2016,63859,20
2016,264367,20
2016,37127,20
2016,13959,20
2016,40304,20
2016,29091,20
2016,52326,20
2016,262794,20
2016,44376,20
2016,2152,20
2016,9085,20
2016,60560,20
2016,3595,20
2016,48964,20
2016,43256,20
2016,20722,20
2016,29587,20
2016,131603,20
2016,55390,20
2016,262769,20
2016,262826,20
2016,31849,20
2016,53232,20
2016,55824,20
2016,48737,20
2016,39330,20
2016,53266,20
2016,28145,20
2016,22632,20
2016,44028,20
2016,39155,20
2016,46,20
2016,52015,20
2016,17691,20
2016,35224,20
2016,55236,20
2016,39377,20
2016,17969,20
2016,263615,20
2016,43317,20
2016,42666,20
2016,262746,20
2016,263296,20
2016,13224,20
2016,55286,20
2016,200796,20
2016,133301,20
2016,47660,20
2016,16190,20
2016,13121,20
2016,19435,20
2016,18187,20
2016,264300,20
2016,57181,20
2016,41657,20
2016,52131,20
2016,52778,20
2016,28590,20
2016,27937,20
2016,34190,20
2016,59467,20
2016,8571,20
2016,262832,20
2016,42571,20
2016,61864,20
2016,37143,20
2016,44851,20
2016,198323,20
2016,43333,20
2016,262456,20
2016,58010,20
2016,393445,20
2016,39970,20
2016,28334,20
2016,200463,20
2016,33091,20
2016,30968,20
2016,5760,20
2016,135193,20
2016,17025,20
2016,19170,20
2016,35365,20
2016,57250,20
2016,263649,20
2016,44208,20
2016,30729,20
2016,42654,20
2016,61071,20
2016,24559,20
2016,44030,20
2016,52559,20
2016,45942,20
2016,6789,20
2016,63298,20
2016,131717,20
2016,44751,20
2016,17771,20
2016,21404,20
2016,28512,20
2016,36352,20
2016,133983,20
2016,52307,20
2016,263003,20
2016,4058,20
2016,35271,20
2016,18413,20
2016,201211,20
2016,8560,20
2016,36879,20
2016,264035,20
2016,24631,20
2016,25780,20
2016,46992,20
2016,20810,20
2016,8647,20
2016,31736,20
2016,56308,20
2016,54777,20
2016,25385,20
2016,39480,20
2016,13781,20
2016,26609,20
2016,24723,20
2016,200553,20
2016,56945,20
2016,29854,20
2016,41571,20
2016,27740,20
2016,44267,20
2016,263033,20
2016,58438,20
2016,13107,20
2016,264443,20
2016,24243,20
2016,15868,20
2016,61642,20
2016,20853,20
2016,50916,20
2016,25548,20
2016,14929,20
2016,49717,20
2016,47022,20
2016,8542,20
2016,263210,20
2016,28257,20
2016,35986,20
2016,59527,20
2016,61865,20
2016,196891,20
2016,41101,20
2016,132085,20
2016,63691,20
2016,26773,20
2016,50449,20
2016,263145,20
2016,56911,20
2016,42868,20
2016,8557,20
2016,8382,20
2016,50261,20
2016,10938,20
2016,262757,20
2016,39792,20
2016,264251,20
2016,31611,20
2016,197674,20
2016,37423,20
2016,53088,20
2016,262621,20
2016,262989,20
2016,132561,20
2016,11955,20
2016,134853,20
2016,57087,20
2016,265142,20
2016,34584,20
2016,26619,20
2016,28229,20
2016,48480,20
2016,24293,20
2016,21332,20
2016,49902,20
2016,34946,20
2016,41794,20
2016,37550,20
2016,22978,20
2016,131210,20
2016,48868,20
2016,8409,20
2016,19855,20
2016,12127,20
2016,45177,20
2016,29512,20
2016,63107,20
2016,36499,20
2016,28976,20
2016,32459,20
2016,38976,20
2016,41310,20
2016,39451,20
2016,38203,20
2016,12594,20
2016,58504,20
2016,263162,20
2016,196714,20
2016,134273,20
2016,11439,20
2016,58314,20
2016,42237,20
2016,10026,20
2016,39843,20
2016,28212,20
2016,264321,20
2016,29222,20
2016,13333,20
2016,45499,20
2016,52527,20
2016,18596,20
2016,31609,20
2016,53062,20
2016,37142,20
2016,262253,20
2016,263998,20
2016,44682,20
2016,9942,20
2016,262812,20
2016,680,20
2016,22652,20
2016,262671,20
2016,17799,20
2016,262789,20
2016,8564,20
2016,49995,20
2016,50147,20
2016,58088,20
2016,39039,20
2016,15935,20
2016,197846,20
2016,61784,20
2016,9137,20
2016,52356,20
2016,24685,20
2016,51003,20
2016,133684,20
2016,262369,20
2016,51235,20
2016,197126,20
2016,54934,20
2016,53087,20
2016,57612,20
2016,262738,20
2016,35041,20
2016,16923,20
2016,12324,20
2016,21011,20
2016,57785,20
2016,8401,20
2016,25671,20
2016,47638,20
2016,15305,20
2016,29613,20
2016,48230,20
2016,53182,20
2016,263978,20
2016,39531,20
2016,60900,20
2016,42304,20
2016,53115,20
2016,36698,20
2016,50577,20
2016,199493,20
2016,262685,20
2016,60930,20
2016,35323,20
2016,52091,20
2016,34995,20
2016,13855,20
2016,16578,20
2016,23492,20
2016,11994,20
2016,17978,20
2016,553,20
2016,19084,20
2016,131769,20
2016,53167,20
2016,58054,20
2016,17899,20
2016,10225,20
2016,51357,20
2016,262983,20
2016,132004,20
2016,11478,20
2016,2850,20
2016,264881,20
2016,62516,20
2016,42084,20
2016,39251,20
2016,28909,20
2016,262851,20
2016,55753,20
2016,13307,20
2016,39770,20
2016,47709,20
2016,46698,20
2016,31133,20
2016,18075,20
2016,30923,20
2016,32,20
2016,27843,20
2016,57634,20
2016,48882,20
2016,265247,20
2016,49360,20
2016,251,20
2016,262599,20
2016,38283,20
2016,38,20
2016,49864,20
2016,263074,20
2016,61662,20
2016,27960,20
2016,30325,20
2016,7859,20
2016,53058,20
2016,19310,20
2016,262393,20
2016,44827,20
2016,41861,20
2016,9317,20
2016,57903,20
2016,50337,20
2016,26747,20
2016,197768,20
2016,197862,20
2016,42632,20
2016,201294,20
2016,133226,20
2016,27921,20
2016,132931,20
2016,49931,20
2016,26949,20
2016,47814,20
2016,10947,20
2016,41798,20
2016,263439,20
2016,7265,20
2016,61893,20
2016,3308,20
2016,263107,20
2016,199728,20
2016,23383,20
2016,263265,20
2016,50724,20
2016,53003,20
2016,263042,20
2016,52783,20
2016,44419,20
2016,28366,20
2016,263087,20
2016,23167,20
2016,65000,20
2016,43831,10
2016,8111,10
2016,38562,10
2016,263650,10
2016,28703,10
2016,21379,10
2016,133693,10
2016,44451,10
2016,50870,10
2016,3676,10
2016,11033,10
2016,61919,10
2016,28126,10
2016,61675,10
2016,46475,10
2016,132137,10
2016,62323,10
2016,23546,10
2016,51813,10
2016,29182,10
2016,33040,10
2016,49650,10
2016,9471,10
2016,198408,10
2016,43950,10
2016,61684,10
2016,28186,10
2016,56466,10
2016,30538,10
2016,34898,10
2016,263522,10
2016,48142,10
2016,197572,10
2016,24206,10
2016,16509,10
2016,263480,10
2016,61768,10
2016,132960,10
2016,56681,10
2016,30295,10
2016,43201,10
2016,60317,10
2016,63969,10
2016,264369,10
2016,7363,10
2016,42358,10
2016,264218,10
2016,8206,10
2016,263020,10
2016,200811,10
2016,262581,10
2016,32717,10
2016,12963,10
2016,41152,10
2016,35373,10
2016,48551,10
2016,201508,10
2016,55863,10
2016,198601,10
2016,33817,10
2016,47439,10
2016,59523,10
2016,56802,10
2016,8377,10
2016,393406,10
2016,263103,10
2016,262889,10
2016,15395,10
2016,41084,10
2016,57069,10
2016,34894,10
2016,8672,10
2016,201250,10
2016,25543,10
2016,9830,10
2016,264440,10
2016,28309,10
2016,57051,10
2016,13012,10
2016,8870,10
2016,12089,10
2016,39544,10
2016,12754,10
2016,29300,10
2016,53667,10
2016,9202,10
2016,41007,10
2016,262557,10
2016,35025,10
2016,198734,10
2016,57970,10
2016,52103,10
2016,1224,10
2016,5577,10
2016,61439,10
2016,53889,10
2016,54448,10
2016,52683,10
2016,38009,10
2016,30893,10
2016,199478,10
2016,200845,10
2016,31149,10
2016,20454,10
2016,52593,10
2016,21582,10
2016,12886,10
2016,61678,10
2016,31029,10
2016,59165,10
2016,51685,10
2016,52971,10
2016,3833,10
2016,57981,10
2016,262215,10
2016,30733,10
2016,53141,10
2016,30981,10
2016,26284,10
2016,38732,10
2016,61385,10
2016,52690,10
2016,41953,10
2016,262854,10
2016,47654,10
2016,47252,10
2016,45184,10
2016,48514,10
2016,133841,10
2016,263544,10
2016,17586,10
2016,34397,10
2016,262688,10
2016,28195,10
2016,19318,10
2016,197204,10
2016,30444,10
2016,8470,10
2016,202018,10
2016,262494,10
2016,50536,10
2016,197470,10
2016,57033,10
2016,8798,10
2016,52583,10
2016,262777,10
2016,23175,10
2016,3351,10
2016,15083,10
2016,16574,10
2016,53227,10
2016,35389,10
2016,36444,10
2016,32682,10
2016,14188,10
2016,265285,10
2016,58656,10
2016,21713,10
2016,262440,10
2016,25071,10
2016,53515,10
2016,13119,10
2016,28124,10
2016,203261,10
2016,45513,10
2016,8607,10
2016,131207,10
2016,34758,10
2016,49243,10
2016,39597,10
2016,132751,10
2016,52739,10
2016,44895,10
2016,41922,10
2016,262695,10
2016,56347,10
2016,197248,10
2016,56429,10
2016,197467,10
2016,19032,10
2016,21488,10
2016,47459,10
2016,4658,10
2016,51824,10
2016,15146,10
2016,264211,10
2016,37084,10
2016,62886,10
2016,137,10
2016,40181,10
2016,36097,10
2016,262343,10
2016,53209,10
2016,57660,10
2016,56136,10
2016,63008,10
2016,26803,10
2016,264148,10
2016,50767,10
2016,31575,10
2016,34302,10
2016,24691,10
2016,52562,10
2016,9208,10
2016,264135,10
2016,24323,10
2016,43356,10
2016,1886,10
2016,19167,10
2016,25568,10
2016,21309,10
2016,31034,10
2016,17234,10
2016,2842,10
2016,264219,10
2016,47959,10
2016,51279,10
2016,57344,10
2016,262807,10
2016,52260,10
2016,262713,10
2016,24663,10
2016,3359,10
2016,263442,10
2016,52892,10
2016,28302,10
2016,201872,10
2016,133680,10
2016,48347,10
2016,44621,10
2016,199731,10
2016,35562,10
2016,204076,10
2016,18004,10
2016,134128,10
2016,17864,10
2016,3244,10
2016,265138,10
2016,13174,10
2016,13226,10
2016,15738,10
2016,49293,10
2016,197415,10
2016,199398,10
2016,45935,10
2016,44556,10
2016,262350,10
2016,6874,10
2016,31390,10
2016,262220,10
2016,263985,10
2016,201826,10
2016,31566,10
2016,22323,10
2016,23520,10
2016,134051,10
2016,49889,10
2016,39169,10
2016,52695,10
2016,262631,10
2016,38790,10
2016,6846,10
2016,24016,10
2016,27781,10
2016,22653,10
2016,196808,10
2016,44813,10
2016,10200,10
2016,12989,10
2016,50821,10
2016,264579,10
2016,63178,10
2016,37209,10
2016,3700,10
2016,201296,10
2016,9814,10
2016,53053,10
2016,198212,10
2016,56329,10
2016,5409,10
2016,35017,10
2016,48956,10
2016,40812,10
2016,6503,10
2016,25459,10
2016,52638,10
2016,40237,10
2016,133968,10
2016,9229,10
2016,198791,10
2016,30373,10
2016,5715,10
2016,50005,10
2016,51985,10
2016,17483,10
2016,28378,10
2016,24523,10
2016,35310,10
2016,61648,10
2016,9785,10
2016,12133,10
2016,26785,10
2016,48485,10
2016,133249,10
2016,203263,10
2016,35158,10
2016,9274,10
2016,50590,10
2016,36518,10
2016,17826,10
2016,44787,10
2016,13091,10
2016,39087,10
2016,262676,10
2016,61878,10
2016,56339,10
2016,54376,10
2016,43574,10
2016,262590,10
2016,49462,10
2016,53173,10
2016,263476,10
2016,53025,10
2016,31494,10
2016,57988,10
2016,30119,10
2016,28160,10
2016,50260,10
2016,29084,10
2016,56515,10
2016,18176,10
2016,23700,10
2016,133612,10
2016,44171,10
2016,47342,10
2016,197929,10
2016,41311,10
2016,197251,10
2016,61751,10
2016,262605,10
2016,44500,10
2016,197073,10
2016,44839,10
2016,12009,10
2016,39005,10
2016,47997,10
2016,42772,10
2016,33875,10
2016,61734,10
2016,264509,10
2016,133007,10
2016,2110,10
2016,61944,10
2016,25700,10
2016,17479,10
2016,29553,10
2016,265279,10
2016,6296,10
2016,13739,10
2016,27941,10
2016,34450,10
2016,44387,10
2016,27005,10
2016,198035,10
2016,3327,10
2016,21803,10
2016,26317,10
2016,17385,10
2016,44375,10
2016,38207,10
2016,52896,10
2016,49642,10
2016,134250,10
2016,28293,10
2016,28665,10
2016,43110,10
2016,198498,10
2016,262698,10
2016,198345,10
2016,7489,10
2016,44430,10
2016,12646,10
2016,22079,10
2016,20738,10
2016,394660,10
2016,17597,10
2016,264128,10
2016,264301,10
2016,59772,10
2016,40511,10
2016,43668,10
2016,61797,10
2016,263651,10
2016,36939,10
2016,28199,10
2016,13208,10
2016,134554,10
2016,15798,10
2016,262632,10
2016,23550,10
2016,57074,10
2016,22346,10
2016,263664,10
2016,263154,10
2016,3582,10
2016,34470,10
2016,262566,10
2016,52747,10
2016,51541,10
2016,61846,10
2016,43882,10
2016,264281,10
2016,42583,10
2016,43182,10
2016,42830,10
2016,53094,10
2016,263089,10
2016,55669,10
2016,49508,10
2016,7418,10
2016,30029,10
2016,197075,10
2016,264447,10
2016,29302,10
2016,58275,10
2016,262717,10
2016,25417,10
2016,20931,10
2016,58914,10
2016,21256,10
2016,45905,10
2016,46849,10
2016,63929,10
2016,239,10
2016,15108,10
2016,134177,10
2016,21450,10
2016,38365,10
2016,12620,10
2016,23786,10
2016,34815,10
2016,21280,10
2016,134874,10
2016,39858,10
2016,26608,10
2016,44647,10
2016,37101,10
2016,263049,10
2016,198774,10
2016,263466,10
2016,24951,10
2016,14361,10
2016,27631,10
2016,263010,10
2016,30955,10
2016,18153,10
2016,58594,10
2016,133989,10
2016,263125,10
2016,199936,10
2016,52902,10
2016,54578,10
2016,29877,10
2016,263525,10
2016,41168,10
2016,23666,10
2016,3550,10
2016,35223,10
2016,21087,10
2016,16245,10
2016,33980,10
2016,48368,10
2016,197311,10
2016,26864,10
2016,56423,10
2016,37236,10
2016,16316,10
2016,16283,10
2016,48101,10
2016,28162,10
2016,16586,10
2016,44478,10
2016,133253,10
2016,132768,10
2016,9628,10
2016,327754,10
2016,18031,10
2016,12593,10
2016,29760,10
2016,56562,10
2016,49765,10
2016,25511,10
2016,264078,10
2016,53085,10
2016,62810,10
2016,264203,10
2016,32475,10
2016,262378,10
2016,46749,10
2016,39067,10
2016,34605,10
2016,28247,10
2016,57099,10
2016,12716,10
2016,36991,10
2016,44081,10
2016,50892,10
2016,133269,10
2016,56384,10
2016,17913,10
2016,21708,10
2016,57134,10
2016,52380,10
2016,29177,10
2016,8201,10
2016,263877,10
2016,198050,10
2016,25251,10
2016,42568,10
2016,39543,10
2016,20569,10
2016,5722,10
2016,12700,10
2016,6561,10
2016,11647,10
2016,5570,10
2016,262948,10
2016,41066,10
2016,197023,10
2016,17854,10
2016,33623,10
2016,134059,10
2016,8075,10
2016,35558,10
2016,44654,10
2016,41714,10
2016,37582,10
2016,39422,10
2016,18624,10
2016,8427,10
2016,262404,10
2016,134868,10
2016,49063,10
2016,36890,10
2016,131907,10
2016,327768,10
2016,265319,10
2016,199378,10
2016,34219,10
2016,10617,10
2016,17539,10
2016,32743,10
2016,134053,10
2016,9009,10
2016,131584,10
2016,22795,10
2016,31000,10
2016,265364,10
2016,56086,10
2016,22457,10
2016,21737,10
2016,53507,10
2016,33568,10
2016,28788,10
2016,37692,10
2016,12618,10
2016,202147,10
2016,52991,10
2016,264586,10
2016,49608,10
2016,43370,10
2016,262928,10
2016,26413,10
2016,134916,10
2016,54483,10
2016,28592,10
2016,200523,10
2016,9697,10
2016,43137,10
2016,263387,10
2016,60931,10
2016,56823,10
2016,60891,10
2016,21143,10
2016,3212,10
2016,22069,10
2016,51852,10
2016,58074,10
2016,262942,10
2016,42235,10
2016,35613,10
2016,17444,10
2016,61931,10
2016,198685,10
2016,17004,10
2016,25233,10
2016,18840,10
2016,263111,10
2016,13237,10
2016,13499,10
2016,60009,10
2016,134712,10
2016,2501,10
2016,134204,10
2016,53949,10
2016,12500,10
2016,263031,10
2016,24680,10
2016,262719,10
2016,34226,10
2016,264340,10
2016,202228,10
2016,263416,10
2016,52383,10
2016,265130,10
2016,53185,10
2016,263058,10
2016,48614,10
2016,133298,10
2016,134320,10
2016,49981,10
2016,4723,10
2016,50240,10
2016,41305,10
2016,40861,10
2016,6662,10
2016,39440,10
2016,52322,10
2016,265126,10
2016,61758,10
2016,46399,10
2016,37390,10
2016,198247,10
2016,35415,10
2016,28288,10
2016,60336,10
2016,45582,10
2016,44746,10
2016,766,10
2016,34786,10
2016,41670,10
2016,35074,10
2016,11320,10
2016,52679,10
2016,262396,10
2016,38095,10
2016,197926,10
2016,34879,10
2016,47116,10
2016,37542,10
2016,13303,10
2016,49289,10
2016,262960,10
2016,22485,10
2016,199739,10
2016,43277,10
2016,28775,10
2016,28307,10
2016,43272,10
2016,28926,10
2016,135434,10
2016,134312,10
2016,132848,10
2016,8262,10
2016,50219,10
2016,3592,10
2016,264393,10
2016,41871,10
2016,134326,10
2016,196786,10
2016,12660,10
2016,196749,10
2016,264215,10
2016,61792,10
2016,61782,10
2016,262234,10
2016,40718,10
2016,393552,10
2016,264054,10
2016,9658,10
2016,264307,10
2016,24195,10
2016,26548,10
2016,50550,10
2016,262611,10
2016,132435,10
2016,265169,10
2016,132445,10
2016,30600,10
2016,50868,10
2016,132526,10
2016,50576,10
2016,40336,10
2016,61774,10
2016,8999,10
2016,12941,10
2016,50718,10
2016,51507,10
2016,61124,10
2016,9003,10
2016,34352,10
2016,262372,10
2016,34781,10
2016,29774,10
2016,61939,10
2016,13649,10
2016,39598,10
2016,262820,10
2016,21533,10
2016,133469,10
2016,21415,10
2016,198385,10
2016,7015,10
2016,47923,10
2016,40317,10
2016,1797,10
2016,263904,10
2016,263897,10
2016,8381,10
2016,262886,10
2016,1935,10
2016,19329,10
2016,51259,10
2016,48926,10
2016,24703,10
2016,133579,10
2016,53222,10
2016,45820,10
2016,262875,10
2016,33891,10
2016,50672,10
2016,21437,10
2016,13886,10
2016,59686,10
2016,52981,10
2016,199536,10
2016,264458,10
2016,52962,10
2016,28285,10
2016,37155,10
2016,42346,10
2016,263472,10
2016,43038,10
2016,44685,10
2016,264599,10
2016,29968,10
2016,264224,10
2016,45352,10
2016,63452,10
2016,16223,10
2016,55722,10
2016,201468,10
2016,52864,10
2016,14178,10
2016,31257,10
2016,27932,10
2016,36146,10
2016,37462,10
2016,264600,10
2016,35815,10
2016,52963,10
2016,29491,10
2016,53178,10
2016,61785,10
2016,263446,10
2016,41622,10
2016,6711,10
2016,10431,10
2016,265174,10
2016,196903,10
2016,24971,10
2016,38690,10
2016,7146,10
2016,25058,10
2016,40867,10
2016,40389,10
2016,264024,10
2016,58966,10
2016,31793,10
2016,48133,10
2016,199026,10
2016,52937,10
2016,43847,10
2016,198966,10
2016,56616,10
2016,9006,10
2016,27737,10
2016,203233,10
2016,33927,10
2016,133970,10
2016,265369,10
2016,29497,10
2016,393740,10
2016,34634,10
2016,61826,10
2016,61910,10
2016,49140,10
2016,3685,10
2016,56909,10
2016,42906,10
2016,393240,10
2016,51077,10
2016,62593,10
2016,200812,10
2016,44021,10
2016,37266,10
2016,262186,10
2016,9870,10
2016,7770,10
2016,31515,10
2016,43209,10
2016,262658,10
2016,53079,10
2016,200019,10
2016,263077,10
2016,52940,10
2016,61951,10
2016,37228,10
2016,15765,10
2016,134990,10
2016,49195,10
2016,60839,10
2016,44814,10
2016,29066,10
2016,26333,10
2016,263320,10
2016,60770,10
2016,45043,10
2016,15870,10
2016,30982,10
2016,133000,10
