2015-08-01,us,13615900
2015-11-01,us,12981700
2016-05-01,us,12866000
2016-07-01,us,12439100
2015-05-01,us,12021200
2015-08-01,cn,11174500
2015-07-01,us,11099800
2015-06-01,us,10977800
2015-10-01,us,10712600
2015-11-01,cn,10448600
2016-03-01,us,10419800
2014-01-01,us,10358300
2016-04-01,us,10313800
2016-02-01,us,10277900
2016-06-01,us,10205400
2015-12-01,us,10174200
2015-09-01,us,10104600
2015-09-01,cn,10098200
2016-01-01,us,10047100
2015-05-01,cn,9699100
2014-01-01,cn,8974600
2015-10-01,cn,8786400
2016-05-01,cn,8443600
2016-07-01,cn,8385600
2015-04-01,us,8057100
2016-01-01,cn,7829300
2015-06-01,cn,7646400
2016-06-01,cn,7622800
2015-12-01,cn,7196500
2015-07-01,cn,7165600
2015-11-01,in,7089300
2016-02-01,cn,7028000
2016-05-01,in,6722900
2016-04-01,cn,6343600
2016-03-01,cn,6217400
2016-07-01,in,6169800
2015-05-01,in,6168200
2015-04-01,cn,6103200
2016-02-01,in,5756400
2016-01-01,in,5692600
2016-03-01,in,5658500
2016-04-01,in,5629200
2015-10-01,in,5622100
2015-08-01,in,5571400
2015-12-01,in,5565800
2015-06-01,in,5458200
2015-09-01,in,5246500
2016-06-01,in,5129400
2016-04-01,ir,4980500
2016-05-01,ir,4904000
2015-05-01,mx,4817700
2016-03-01,ir,4775900
2016-02-01,ir,4682300
2016-07-01,br,4546000
2014-01-01,vn,4433100
2014-01-01,tw,4394400
2015-04-01,in,4350800
2015-06-01,mx,4273400
2015-05-01,ir,4178900
2014-01-01,mx,4152000
2015-11-01,tr,4086900
2015-05-01,vn,4035800
2015-05-01,tr,4030900
2015-11-01,mx,3939700
2014-01-01,tr,3715100
2015-07-01,in,3635700
2014-01-01,th,3627800
2016-01-01,ir,3604900
2016-07-01,ir,3598100
2014-01-01,in,3544900
2015-08-01,tr,3540800
2015-06-01,vn,3487400
2015-06-01,tr,3480200
2015-11-01,ir,3472200
2015-08-01,mx,3455700
2015-11-01,id,3428100
2015-10-01,mx,3422400
2016-05-01,tr,3420400
2015-05-01,br,3405400
2015-04-01,mx,3375900
2015-09-01,mx,3331000
2015-10-01,tr,3296400
2015-11-01,vn,3257000
2014-01-01,ar,3216100
2015-05-01,id,3212000
2014-01-01,co,3180400
2015-12-01,tr,3176200
2015-04-01,ir,3172900
2016-06-01,ir,3158000
2016-05-01,id,3115400
2016-01-01,tr,3088500
2016-07-01,tr,3076200
2015-06-01,id,3062400
2016-02-01,tr,3017700
2016-03-01,tr,2980800
2014-01-01,kr,2972700
2015-04-01,vn,2965200
2015-09-01,tr,2953100
2014-01-01,it,2952700
2015-10-01,br,2930900
2015-12-01,mx,2927300
2015-08-01,vn,2908500
2014-01-01,gb,2872000
2016-04-01,tr,2870500
2015-10-01,id,2840300
2015-10-01,vn,2830100
2016-07-01,id,2788900
2015-11-01,ru,2780400
2015-04-01,tr,2769000
2015-09-01,vn,2763300
2015-05-01,co,2756800
2016-01-01,mx,2739300
2015-08-01,id,2696800
2016-06-01,tr,2663100
2015-09-01,id,2644600
2015-11-01,br,2636100
2016-05-01,ru,2635400
2015-05-01,ru,2633100
2016-05-01,mx,2631400
2015-06-01,br,2611700
2015-08-01,ir,2608100
2015-08-01,ru,2599800
2016-03-01,id,2593300
2016-02-01,id,2591000
2016-02-01,mx,2577100
2015-12-01,id,2567800
2015-07-01,tr,2562000
2016-04-01,id,2548900
2016-08-01,us,2548900
2016-01-01,id,2543900
2015-06-01,ir,2541200
2016-06-01,br,2536200
2015-11-01,co,2525500
2014-01-01,id,2515900
2016-07-01,ru,2485200
2016-04-01,br,2447000
2015-05-01,kr,2445300
2015-08-01,kr,2443000
2015-06-01,co,2440700
2014-01-01,ru,2437700
2016-05-01,br,2409200
2016-03-01,mx,2408900
2015-12-01,vn,2407600
2015-11-01,kr,2405100
2016-01-01,br,2403900
2016-06-01,id,2393800
2015-06-01,ru,2373100
2015-08-01,br,2363700
2015-05-01,eg,2305800
2015-07-01,mx,2302800
2015-11-01,eg,2288600
2016-01-01,ru,2277300
2015-12-01,ru,2275800
2016-04-01,mx,2272700
2016-01-01,vn,2265500
2015-10-01,ru,2264800
2016-05-01,vn,2242600
2015-04-01,id,2239800
2015-10-01,ir,2232100
2015-04-01,br,2214500
2016-04-01,ru,2190100
2016-07-01,mx,2189400
2015-10-01,co,2189100
2016-02-01,ru,2185100
2016-02-01,vn,2178600
2016-03-01,ru,2170800
2015-08-01,co,2158300
2015-06-01,kr,2145300
2015-12-01,ir,2142600
2015-08-01,tw,2142300
2016-05-01,kr,2120100
2015-09-01,ir,2119100
2016-05-01,my,2112000
2015-09-01,ru,2103000
2015-09-01,co,2090200
2015-11-01,dz,2079900
2014-01-01,eg,2077500
2016-06-01,ru,2064800
2015-09-01,br,2058300
2016-03-01,vn,2057600
2014-01-01,ir,2055600
2015-06-01,eg,2051600
2016-03-01,br,2040100
2015-05-01,tw,2039600
2016-05-01,dz,2030200
2015-07-01,kr,2020000
2015-11-01,my,2006700
2014-01-01,pl,1986300
2015-11-01,tw,1984800
2016-05-01,eg,1969300
2014-01-01,br,1968400
2016-07-01,my,1966900
2015-05-01,pl,1961000
2015-10-01,kr,1956400
2015-07-01,ru,1952900
2016-06-01,mx,1937300
2016-02-01,br,1932100
2016-07-01,kr,1920700
2016-04-01,vn,1915400
2015-07-01,vn,1913000
2016-07-01,dz,1900200
2015-12-01,kr,1888000
2015-12-01,br,1881100
2015-04-01,co,1874100
2015-06-01,tw,1872200
2015-10-01,eg,1866700
2015-07-01,it,1866200
2015-12-01,co,1843300
2016-01-01,kr,1839100
2015-04-01,ru,1828900
2016-08-01,cn,1822500
2015-09-01,kr,1815300
2016-07-01,vn,1811100
2016-03-01,my,1804800
2016-05-01,pl,1794800
2016-02-01,my,1794700
2015-12-01,eg,1790100
2015-08-01,it,1789100
2015-11-01,pl,1783600
2015-11-01,de,1783200
2016-07-01,eg,1778200
2015-05-01,dz,1769700
2016-04-01,my,1767000
2016-05-01,de,1758900
2015-07-01,br,1758800
2016-01-01,my,1755000
2016-03-01,kr,1753800
2015-08-01,de,1751900
2016-02-01,kr,1750000
2015-08-01,eg,1748200
2016-07-01,pl,1740400
2015-07-01,tw,1731100
2016-01-01,eg,1728900
2015-07-01,id,1721800
2015-06-01,pl,1713800
2016-04-01,kr,1712100
2016-07-01,de,1704100
2015-10-01,tw,1698500
2016-02-01,eg,1697800
2016-05-01,co,1689300
2015-09-01,eg,1687600
2015-04-01,kr,1686700
2016-02-01,dz,1673800
2015-06-01,dz,1664900
2015-05-01,gb,1663300
2016-01-01,co,1662800
2016-03-01,dz,1659200
2016-06-01,my,1656700
2015-12-01,my,1650300
2016-04-01,dz,1646100
2015-12-01,dz,1644800
2015-04-01,eg,1641900
2016-06-01,dz,1641300
2016-01-01,dz,1633700
2015-08-01,my,1630900
2016-03-01,eg,1630500
2016-06-01,kr,1629400
2016-05-01,tw,1617600
2015-09-01,tw,1609100
2015-08-01,pl,1607500
2015-05-01,de,1599600
2016-02-01,co,1581400
2016-06-01,vn,1579900
2016-04-01,eg,1563400
2015-10-01,my,1549500
2015-12-01,tw,1535800
2015-11-01,gb,1517700
2014-01-01,es,1515900
2016-01-01,tw,1511800
2015-07-01,ir,1510600
2015-05-01,my,1507000
2016-06-01,eg,1501200
2016-07-01,tw,1483800
2015-11-01,ar,1479500
2016-01-01,de,1466400
2016-05-01,ua,1465300
2015-06-01,de,1463500
2016-03-01,tw,1462900
2015-09-01,dz,1461800
2015-10-01,pl,1460300
2016-02-01,tw,1455000
2016-02-01,de,1447100
2015-04-01,tw,1438900
2015-08-01,gb,1438400
2016-04-01,de,1437000
2016-03-01,co,1434900
2016-04-01,co,1428300
2015-07-01,co,1424400
2016-05-01,gb,1424300
2015-11-01,jp,1424300
2016-03-01,de,1422100
2015-10-01,de,1421200
2015-08-01,jp,1419600
2016-07-01,gb,1418900
2015-12-01,de,1414200
2015-09-01,pl,1413100
2016-06-01,pl,1412100
2015-12-01,pl,1410400
2016-04-01,tw,1409100
2015-04-01,pl,1393300
2015-10-01,dz,1389900
2016-06-01,de,1384700
2016-07-01,co,1384500
2014-01-01,jp,1384300
2015-08-01,dz,1383600
2015-06-01,my,1379200
2016-05-01,fr,1376000
2016-05-01,jp,1365700
2016-01-01,pl,1359600
2015-09-01,my,1355100
2015-07-01,de,1348000
2016-04-01,pl,1340900
2016-07-01,jp,1340400
2016-02-01,pl,1334700
2015-11-01,fr,1334000
2015-05-01,jp,1320100
2016-07-01,ua,1317700
2015-06-01,gb,1315800
2016-03-01,pl,1312100
2015-08-01,fr,1311600
2015-09-01,de,1311500
2016-06-01,co,1303500
2016-07-01,fr,1298400
2015-05-01,th,1293400
2014-01-01,de,1278000
2015-04-01,dz,1229900
2016-08-01,in,1229900
2015-10-01,gb,1228700
2016-06-01,tw,1226200
2015-04-01,th,1217600
2015-12-01,gb,1215800
2016-05-01,it,1205400
2016-07-01,it,1204500
2015-06-01,jp,1197000
2016-03-01,gb,1177400
2014-01-01,dz,1177300
2016-01-01,gb,1174600
2015-09-01,gb,1169000
2016-02-01,gb,1162500
2015-10-01,ar,1159400
2016-06-01,gb,1156400
2016-04-01,ua,1153900
2015-10-01,jp,1153000
2016-04-01,gb,1148500
2015-07-01,jp,1145500
2015-07-01,eg,1142400
2016-06-01,ua,1139900
2016-02-01,jp,1126200
2015-05-01,fr,1125700
2015-11-01,ua,1123300
2016-01-01,jp,1122500
2014-01-01,by,1118400
2015-12-01,jp,1116900
2015-04-01,de,1116200
2015-07-01,gb,1114900
2016-04-01,jp,1111800
2015-05-01,ar,1110200
2016-03-01,ua,1109600
2015-05-01,it,1106800
2016-03-01,fr,1100800
2015-04-01,my,1099600
2015-07-01,pl,1098400
2016-06-01,jp,1088000
2016-03-01,jp,1087900
2016-04-01,fr,1087600
2016-02-01,fr,1086600
2016-02-01,ua,1084000
2015-04-01,gb,1081300
2016-06-01,fr,1079100
2015-09-01,jp,1074800
2015-07-01,my,1064600
2015-11-01,it,1060000
2015-12-01,fr,1057900
2016-01-01,fr,1047800
2016-01-01,ua,1045500
2015-08-01,ar,1035500
2015-10-01,fr,1034900
2015-06-01,fr,1015800
2015-06-01,it,1014600
2015-09-01,ar,1011500
2014-01-01,kz,1009300
2016-05-01,nl,1003700
2015-12-01,ar,997100
2015-06-01,ar,995500
2014-01-01,fr,992200
2015-09-01,fr,985800
2016-06-01,it,981400
2015-11-01,nl,980600
2015-07-01,dz,978000
2015-12-01,ua,966200
2015-07-01,fr,954200
2015-11-01,ca,927300
2015-05-01,ph,920300
2015-08-01,ca,919900
2016-05-01,ar,918600
2015-08-01,nl,906500
2015-04-01,jp,905300
2016-05-01,ca,895100
2015-06-01,th,884000
2014-01-01,cz,878700
2015-11-01,kz,878700
2014-01-01,ro,876300
2015-10-01,ua,875000
2016-07-01,ca,873800
2016-07-01,ar,866800
2015-05-01,kz,864700
2015-11-01,bg,862400
2015-05-01,ua,854100
2015-08-01,ua,847300
2016-05-01,bg,846700
2015-11-01,ph,844100
2015-10-01,it,832600
2015-09-01,it,822500
2015-05-01,ca,818700
2016-01-01,ar,808300
2016-02-01,nl,800700
2016-07-01,bg,798500
2016-04-01,nl,795700
2016-05-01,kz,794100
2016-02-01,it,792800
2016-03-01,nl,792800
2016-03-01,ar,787700
2015-12-01,it,786800
2015-05-01,nl,786600
2015-08-01,bg,784600
2015-09-01,ua,779100
2016-01-01,nl,778300
2016-01-01,it,777700
2015-10-01,nl,777500
2015-04-01,fr,777000
2016-02-01,ar,775900
2015-04-01,ar,775300
2015-12-01,nl,767800
2015-11-01,rs,766400
2015-04-01,it,765300
2015-06-01,ph,765200
2016-07-01,nl,764300
2016-03-01,it,755500
2015-06-01,kz,751500
2016-04-01,ar,749200
2015-10-01,ca,748900
2016-04-01,it,745600
2015-06-01,ca,745200
2016-07-01,ph,744200
2015-06-01,ua,740200
2016-03-01,ca,739800
2015-05-01,bg,736100
2015-12-01,ca,733700
2016-07-01,kz,731400
2016-01-01,ca,731300
2016-02-01,ca,730700
2015-06-01,nl,730300
2016-08-01,br,729200
2015-07-01,ca,726000
2016-04-01,ca,724800
2015-10-01,kz,718300
2015-05-01,rs,716900
2015-09-01,ca,714600
2016-07-01,ro,714600
2015-07-01,nl,712200
2015-12-01,kz,710500
2016-01-01,kz,709300
2016-05-01,ph,704300
2016-06-01,ca,704000
2015-06-01,bg,703600
2016-06-01,ar,701000
2015-10-01,bg,700800
2015-11-01,ro,697700
2016-01-01,bg,696500
2015-08-01,ph,694500
2015-09-01,nl,691200
2016-08-01,ir,690300
2016-02-01,bg,690100
2015-12-01,bg,688800
2016-03-01,bg,678700
2016-01-01,ph,678200
2015-11-01,au,676500
2014-01-01,bg,675100
2015-09-01,kz,671800
2015-08-01,th,668300
2016-04-01,bg,667800
2015-10-01,ph,667700
2016-05-01,rs,666900
2016-02-01,ph,665300
2014-01-01,au,663700
2016-06-01,bg,662300
2015-08-01,kz,658800
2016-05-01,ro,657200
2016-02-01,kz,657000
2015-04-01,ph,656400
2015-09-01,ph,655800
2015-07-01,ar,652500
2016-03-01,ph,648500
2015-12-01,ph,648000
2016-04-01,kz,641800
2015-09-01,bg,640700
2016-03-01,kz,639800
2016-06-01,nl,636300
2015-06-01,rs,629500
2014-01-01,ua,626400
2015-08-01,au,626100
2016-05-01,au,623000
2014-01-01,pe,622900
2016-07-01,th,620600
2015-10-01,rs,611400
2015-08-01,ro,610200
2015-05-01,au,607800
2015-04-01,kz,607100
2014-01-01,cl,605300
2014-01-01,nl,604600
2016-07-01,au,603800
2016-06-01,kz,602500
2016-08-01,tr,597200
2016-04-01,ph,596300
2014-01-01,ca,590200
2016-01-01,rs,588400
2015-07-01,ua,587800
2015-08-01,rs,587500
2015-12-01,rs,587400
2016-06-01,ph,584400
2015-05-01,ro,584300
2014-01-01,ph,582200
2016-07-01,rs,581100
2015-11-01,gr,576100
2016-02-01,rs,573400
2015-04-01,ua,567900
2015-09-01,rs,567600
2015-04-01,ca,560200
2016-06-01,ro,560000
2015-10-01,ro,559000
2015-07-01,bg,558200
2015-04-01,nl,558000
2016-03-01,rs,557500
2016-08-01,id,553700
2016-04-01,rs,552500
2014-01-01,rs,551700
2016-04-01,ro,547100
2015-11-01,th,541100
2015-08-01,hk,536600
2015-06-01,au,536500
2015-06-01,ro,531100
2015-12-01,ro,529700
2016-01-01,ro,529500
2015-10-01,au,529200
2016-03-01,ro,528600
2015-07-01,th,523300
2015-05-01,gr,521600
2016-07-01,es,521400
2016-01-01,au,521400
2016-02-01,ro,516100
2016-05-01,gr,515300
2015-04-01,rs,512200
2016-02-01,au,509400
2016-04-01,au,509000
2015-11-01,es,508200
2015-05-01,hk,504400
2016-05-01,es,503800
2015-12-01,au,502200
2016-06-01,th,500100
2016-07-01,gr,499500
2015-05-01,sy,495500
2015-09-01,ro,493500
2016-06-01,rs,490400
2015-09-01,au,490100
2016-08-01,ru,489000
2016-06-01,au,485700
2016-03-01,au,484800
2014-01-01,az,484600
2015-05-01,ec,483000
2015-05-01,az,482300
2015-07-01,ph,482100
2015-04-01,bg,481200
2015-11-01,sy,481100
2015-07-01,ro,479800
2016-05-01,th,477300
2016-05-01,ma,473900
2015-05-01,es,473800
2015-07-01,au,472800
2016-07-01,ma,472200
2015-11-01,az,471200
2015-06-01,gr,469700
2014-01-01,ec,467300
2015-09-01,th,464500
2015-10-01,gr,457300
2014-01-01,sk,452300
2016-05-01,hk,450300
2015-11-01,hk,450200
2016-07-01,hk,450100
2015-06-01,hk,446500
2015-12-01,gr,442700
2015-06-01,az,437300
2015-06-01,sy,437000
2015-11-01,ps,434600
2015-07-01,kz,433600
2015-08-01,es,432700
2015-10-01,th,432100
2015-10-01,hk,431400
2016-02-01,gr,430000
2016-01-01,gr,429200
2015-06-01,ec,428500
2016-03-01,gr,427400
2016-07-01,sa,426900
2015-11-01,cz,423600
2015-07-01,hk,422900
2016-04-01,gr,419100
2015-05-01,ps,418900
2015-11-01,ma,418000
2015-10-01,sy,417500
2015-12-01,es,415900
2015-12-01,th,414900
2016-02-01,es,414600
2016-06-01,es,412500
2015-09-01,gr,411500
2016-06-01,ma,411500
2015-04-01,au,411000
2016-06-01,gr,408600
2015-06-01,es,406600
2016-03-01,es,406600
2015-08-01,gr,406100
2016-04-01,es,404500
2015-10-01,es,404300
2014-01-01,my,404200
2016-08-01,mx,403700
2014-01-01,ba,401900
2016-01-01,es,401900
2016-03-01,sy,401000
2015-04-01,ro,397000
2016-08-01,my,394700
2016-02-01,sy,393800
2016-06-01,hk,393100
2015-07-01,rs,392800
2015-10-01,az,391400
2014-01-01,gr,391400
2015-11-01,ba,390400
2014-01-01,hk,389900
2016-01-01,ma,388300
2015-09-01,hk,388100
2016-03-01,ma,386100
2016-02-01,ma,383600
2016-05-01,ps,382500
2016-01-01,th,381600
2015-08-01,se,380200
2016-03-01,th,379700
2015-05-01,ba,378800
2015-05-01,cz,378500
2015-05-01,md,377200
2016-08-01,kr,376900
2015-05-01,do,375900
2015-05-01,se,375700
2016-02-01,th,375300
2015-09-01,sy,375000
2015-12-01,ma,372900
2015-11-01,do,371100
2016-04-01,ma,371000
2015-09-01,es,368900
2015-11-01,se,368600
2016-05-01,az,367900
2015-06-01,do,365000
2016-01-01,sy,364600
2015-08-01,az,363800
2015-06-01,ps,363800
2015-09-01,az,363300
2015-12-01,sy,362900
2015-04-01,az,361900
2015-12-01,az,357600
2016-03-01,hk,356300
2015-08-01,cz,355200
2016-05-01,cz,355200
2016-07-01,cz,353900
2016-04-01,hk,349300
2016-08-01,dz,349100
2014-01-01,do,349000
2015-07-01,es,348700
2015-10-01,ec,348700
2015-06-01,se,348400
2015-04-01,ec,348100
2016-08-01,eg,348000
2015-10-01,cz,346900
2016-01-01,hk,346400
2015-06-01,ba,345400
2016-08-01,pl,344000
2015-04-01,hk,342100
2016-05-01,do,341700
2015-06-01,cz,340700
2016-02-01,hk,340300
2015-04-01,gr,339700
2015-08-01,do,339600
2015-10-01,ps,337400
2015-05-01,sk,336600
2016-08-01,de,336600
2016-07-01,az,335800
2016-05-01,ba,335200
2015-08-01,ec,335100
2015-10-01,ba,333000
2015-12-01,ps,332900
2016-07-01,ba,332400
2015-09-01,ec,330300
2016-05-01,se,328600
2015-06-01,md,328300
2016-04-01,th,328000
2016-08-01,vn,326100
2014-01-01,se,325700
2015-08-01,ps,325600
2016-03-01,ps,324500
2015-08-01,sy,324400
2016-07-01,ps,323600
2016-07-01,se,322400
2016-01-01,az,321600
2015-12-01,cz,321500
2015-07-01,se,321200
2016-03-01,cz,319300
2016-01-01,do,318600
2015-10-01,do,318500
2015-09-01,ps,316600
2015-12-01,ba,316400
2016-03-01,do,316400
2016-02-01,do,315700
2016-03-01,az,315400
2016-02-01,ps,314100
2016-05-01,md,314000
2016-01-01,ps,313200
2016-07-01,do,312700
2015-12-01,do,312300
2015-11-01,sk,311800
2016-04-01,az,310400
2016-04-01,cz,309600
2016-05-01,sk,307800
2015-08-01,ba,307000
2015-04-01,sy,304400
2016-02-01,az,304300
2015-12-01,hk,302900
2016-01-01,cz,302700
2015-05-01,sa,302400
2016-02-01,cz,301400
2015-09-01,cz,300500
2015-08-01,sa,300300
2015-09-01,do,299900
2015-09-01,ba,297000
2015-10-01,se,296800
2015-06-01,sk,296400
2016-06-01,cz,296300
2015-11-01,md,294700
2016-04-01,ps,293500
2016-04-01,do,292700
2014-01-01,md,292700
2015-04-01,es,292000
2016-06-01,az,288600
2015-04-01,se,287500
2016-07-01,sk,287100
2016-08-01,gb,286600
2016-06-01,ps,285600
2015-09-01,se,282800
2016-01-01,se,282600
2015-10-01,sk,282100
2015-06-01,sa,279800
2016-08-01,tw,279300
2014-01-01,sg,279200
2015-08-01,md,279200
2016-04-01,ba,278700
2015-12-01,se,278700
2015-10-01,md,278300
2015-07-01,gr,276300
2016-01-01,ba,276000
2014-01-01,sy,275800
2016-06-01,ba,275400
2015-04-01,ps,274900
2016-02-01,se,274200
2015-04-01,do,273900
2016-03-01,se,272900
2016-02-01,ba,272500
2015-04-01,md,272300
2016-01-01,md,272200
2015-12-01,md,271100
2016-08-01,fr,268200
2015-04-01,cz,268100
2016-08-01,jp,268100
2016-02-01,md,267000
2016-03-01,ba,266800
2016-08-01,ua,265700
2015-10-01,ma,265400
2015-11-01,ae,263800
2016-04-01,se,263600
2016-08-01,co,263500
2015-09-01,md,263400
2015-08-01,ae,262500
2015-08-01,sk,261800
2016-04-01,md,261200
2014-01-01,am,259900
2015-07-01,cz,259800
2014-01-01,ps,259400
2015-04-01,ba,258300
2014-01-01,hu,257700
2016-03-01,md,256800
2014-01-01,sa,256800
2016-07-01,md,256400
2016-06-01,se,256100
2015-09-01,sk,255200
2015-05-01,ae,254800
2016-03-01,sk,254300
2016-06-01,do,253800
2015-12-01,sk,251700
2016-05-01,tn,249800
2015-11-01,tn,248800
2016-02-01,sk,246900
2015-07-01,az,246500
2016-04-01,sk,246100
2015-10-01,sa,243600
2015-05-01,tn,243200
2016-01-01,sk,241900
2016-06-01,sk,239400
2016-05-01,uy,233600
2015-07-01,do,233200
2016-08-01,it,232400
2015-07-01,sy,232400
2015-05-01,am,232100
2015-04-01,sk,231800
2015-06-01,ae,229500
2016-06-01,md,226000
2015-11-01,ch,225900
2015-11-01,ec,225700
2015-09-01,sa,224000
2016-04-01,sy,223300
2016-07-01,tn,223000
2015-11-01,uy,221200
2015-07-01,sa,220800
2016-07-01,uy,220700
2015-10-01,ae,219600
2015-05-01,hr,219300
2015-11-01,za,218600
2015-07-01,ae,217800
2015-11-01,hr,217300
2016-05-01,za,216700
2014-01-01,uy,215300
2016-05-01,hr,214900
2015-05-01,bz,213600
2015-05-01,ch,212400
2015-08-01,ma,212200
2015-09-01,ma,211900
2015-06-01,tn,210400
2015-08-01,ch,210200
2015-11-01,hu,209800
2016-07-01,za,206300
2015-09-01,ae,205500
2016-02-01,tn,205300
2015-07-01,ba,204900
2014-01-01,ch,204800
2015-12-01,ae,204700
2015-07-01,md,204600
2015-11-01,am,203600
2015-08-01,tn,203000
2015-05-01,za,202100
2015-07-01,ps,202000
2016-01-01,tn,201000
2016-05-01,sy,200900
2014-01-01,sv,200800
2016-04-01,tn,200200
2015-10-01,tn,197100
2015-05-01,hu,196700
2016-07-01,hr,195400
2015-08-01,za,194300
2016-06-01,tn,194100
2016-03-01,tn,193600
2015-06-01,ma,193200
2015-12-01,tn,193000
2015-05-01,ma,191100
2015-04-01,sa,190900
2015-08-01,sg,190800
2016-02-01,za,190300
2015-06-01,am,189900
2014-01-01,lk,189800
2016-06-01,uy,188900
2015-06-01,hr,188400
2016-02-01,uy,188100
2015-07-01,ec,187700
2015-05-01,lk,187500
2015-08-01,hu,187500
2015-11-01,sg,186500
2015-05-01,uy,186300
2015-11-01,np,185800
2015-11-01,sa,184400
2015-06-01,za,184300
2016-03-01,uy,183600
2016-05-01,sg,183400
2014-01-01,hr,182700
2015-06-01,ch,182700
2016-01-01,uy,182700
2016-03-01,za,182200
2015-10-01,za,181700
2016-01-01,ae,181300
2015-10-01,uy,181200
2015-12-01,uy,180000
2015-06-01,hu,179800
2016-07-01,sg,179300
2016-08-01,ar,178400
2016-05-01,hu,177700
2015-10-01,ch,177600
2014-01-01,tn,176700
2015-08-01,am,176600
2015-10-01,am,176500
2015-04-01,ae,176300
2015-12-01,za,176000
2016-01-01,za,174700
2015-10-01,hu,173800
2015-09-01,tn,173700
2016-05-01,ch,173000
2015-06-01,lk,172700
2015-06-01,uy,172700
2015-07-01,sk,172400
2016-04-01,za,171500
2016-07-01,ch,170900
2016-04-01,uy,170300
2015-09-01,am,170000
2015-09-01,ch,169900
2016-08-01,ca,169200
2015-09-01,za,167700
2016-06-01,za,167400
2015-10-01,hn,167400
2016-07-01,sy,167400
2016-01-01,ch,167300
2015-06-01,bz,167200
2015-04-01,am,166600
2015-12-01,hr,164200
2016-08-01,bg,164000
2015-09-01,hr,163000
2015-12-01,hu,162100
2016-06-01,hr,161900
2016-02-01,hr,161300
2015-08-01,hr,161200
2015-07-01,ch,161100
2016-01-01,hr,161000
2015-09-01,uy,160900
2015-06-01,sg,160900
2015-08-01,uy,160800
2016-07-01,hu,160300
2014-01-01,ae,159700
2015-10-01,np,159700
2014-01-01,za,159200
2015-12-01,am,158400
2015-05-01,sg,158300
2015-09-01,hu,158000
2016-05-01,am,157000
2015-06-01,py,157000
2016-07-01,ve,157000
2015-12-01,ch,156000
2015-04-01,tn,155800
2015-09-01,hn,154900
2016-05-01,pk,154600
2015-08-01,lk,154500
2016-01-01,hu,154100
2015-09-01,lk,153100
2016-04-01,hr,152900
2016-08-01,ph,152800
2015-07-01,hu,152100
2016-02-01,ch,151500
2016-03-01,ch,151500
2016-04-01,sg,151400
2016-08-01,nl,150500
2015-07-01,tn,150000
2015-04-01,hr,149900
2015-07-01,ma,148900
2016-02-01,sg,148700
2016-03-01,sg,148200
2015-12-01,sg,147900
2016-01-01,am,147800
2016-06-01,sg,147100
2015-06-01,np,147100
2016-03-01,hu,146900
2016-02-01,hu,146900
2015-07-01,sg,146800
2016-04-01,ch,146800
2015-04-01,za,146700
2016-01-01,sg,146500
2016-03-01,hr,146400
2016-05-01,np,146300
2015-10-01,sg,146200
2016-08-01,kz,146000
2015-05-01,py,145400
2015-10-01,hr,145300
2015-04-01,ch,144900
2015-08-01,bz,144600
2016-07-01,np,144500
2016-07-01,pk,144500
2016-04-01,hu,144000
2015-09-01,np,143600
2015-08-01,hn,143000
2016-06-01,ch,142300
2015-07-01,za,142200
2014-01-01,dk,141300
2015-04-01,ma,140200
2016-02-01,am,139300
2015-09-01,py,138300
2016-06-01,hu,136800
2016-07-01,am,136800
2015-09-01,sg,136400
2015-04-01,hu,135700
2016-03-01,pk,135500
2016-03-01,am,135300
2015-08-01,py,133200
2015-04-01,bz,133100
2016-06-01,sy,132800
2016-04-01,am,132600
2015-05-01,lb,132200
2014-01-01,gt,132000
2015-12-01,ec,131100
2015-11-01,lb,131000
2015-04-01,uy,129100
2016-08-01,ro,129000
2016-04-01,pk,128200
2015-04-01,lk,127900
2015-08-01,np,127200
2015-08-01,pt,126800
2015-05-01,no,126700
2016-04-01,np,126600
2014-01-01,np,126300
2015-06-01,no,126000
2016-02-01,pk,124900
2015-08-01,ge,124800
2015-11-01,pt,124500
2015-07-01,am,123600
2016-06-01,np,123200
2015-06-01,lb,123100
2015-05-01,bo,122900
2015-05-01,np,122900
2015-11-01,pk,120600
2016-08-01,au,120400
2014-01-01,at,119900
2016-06-01,pk,119200
2016-07-01,bo,119100
2016-08-01,th,118300
2015-04-01,py,116300
2015-11-01,bo,115300
2014-01-01,pt,114700
2016-06-01,am,114700
2015-04-01,et,114400
2016-02-01,np,114200
2016-03-01,np,114100
2015-08-01,gt,113900
2015-05-01,cl,113900
2015-12-01,np,113800
2015-12-01,sa,113200
2016-05-01,lb,112500
2015-04-01,sg,112200
2016-08-01,es,112000
2015-11-01,pe,111700
2015-07-01,hr,111600
2014-01-01,pk,111100
2015-10-01,py,110700
2016-05-01,bo,110500
2016-05-01,sa,110100
2016-08-01,rs,109700
2015-08-01,bo,109500
2014-01-01,ma,108200
2015-05-01,pt,108100
2015-11-01,cl,108000
2014-01-01,no,107900
2014-01-01,nz,107500
2016-07-01,pt,107000
2015-12-01,pk,107000
2015-11-01,gt,106900
2016-01-01,pk,106700
2015-08-01,sv,106500
2016-07-01,lb,106400
2015-07-01,uy,105900
2015-08-01,lb,105600
2015-08-01,cl,105500
2015-07-01,lk,105400
2016-01-01,sa,105200
2015-06-01,pt,104900
2015-10-01,pt,104900
2015-11-01,sv,104700
2014-01-01,pa,103900
2016-07-01,xy,103800
2016-02-01,sa,103800
2015-12-01,lb,103600
2016-05-01,il,103300
2016-01-01,np,103200
2014-01-01,py,103100
2015-08-01,no,102400
2014-01-01,il,102200
2016-01-01,lb,102200
2015-07-01,pt,101600
2015-06-01,bo,101600
2016-05-01,cl,101400
2015-09-01,bz,101000
2016-07-01,ec,100800
2016-05-01,pt,100500
2016-05-01,ec,100000
2016-02-01,lb,99700
2015-10-01,lb,99500
2016-03-01,lb,98800
2015-12-01,pt,98800
2016-01-01,ec,98300
2016-04-01,sa,98200
2014-01-01,cr,98000
2015-09-01,pt,97600
2016-03-01,sa,97500
2016-07-01,cl,97400
2015-11-01,no,97200
2016-01-01,pt,96400
2015-10-01,bo,96300
2016-06-01,bo,95900
2016-08-01,gr,95700
2015-11-01,il,95300
2016-05-01,gt,94900
2015-05-01,il,94600
2015-10-01,sv,94600
2016-05-01,pe,94000
2015-09-01,bo,93900
2016-02-01,pt,93800
2015-06-01,cl,93800
2015-10-01,bz,93600
2016-02-01,bo,93600
2015-04-01,lb,93200
2016-04-01,lb,93000
2014-01-01,fi,92400
2016-02-01,sv,92200
2015-06-01,hn,92100
2015-10-01,cl,92000
2015-07-01,lb,91900
2015-10-01,pe,91700
2015-11-01,lk,91600
2015-08-01,be,90800
2015-11-01,by,90700
2015-05-01,pk,90700
2016-02-01,ve,90600
2016-07-01,il,90500
2015-10-01,gt,90400
2016-01-01,bo,90200
2016-03-01,ec,89900
2016-04-01,bo,89300
2016-02-01,ec,89300
2016-07-01,nz,89100
2016-06-01,lb,88900
2016-08-01,hk,88700
2015-12-01,sv,88700
2015-08-01,il,88300
2015-05-01,be,88200
2016-04-01,pt,88100
2016-03-01,bo,88000
2015-08-01,pk,87800
2014-01-01,be,87700
2016-01-01,gt,87100
2015-07-01,no,85500
2015-09-01,lb,85500
2015-06-01,il,85400
2015-05-01,hn,85200
2015-12-01,bo,85100
2016-03-01,cl,85000
2016-06-01,sa,84900
2016-01-01,sv,84500
2016-08-01,ma,84100
2016-04-01,cl,84100
2016-04-01,il,84000
2015-07-01,np,83900
2015-09-01,sv,83600
2016-03-01,pt,83500
2015-09-01,gt,83200
2016-02-01,gt,83000
2016-05-01,ge,83000
2015-07-01,cl,82900
2015-12-01,cl,82800
2015-05-01,gt,82600
2016-05-01,no,82400
2015-12-01,gt,82300
2016-06-01,pt,82100
2015-07-01,py,82100
2015-11-01,ly,82100
2015-04-01,pt,81800
2015-11-01,ie,81600
2016-06-01,cl,81600
2015-04-01,bo,81500
2016-03-01,gt,81400
2016-06-01,ec,81300
2015-09-01,cl,81000
2015-09-01,pe,80800
2015-05-01,at,80800
2015-07-01,bo,80700
2015-10-01,pk,80400
2016-03-01,il,80300
2015-08-01,at,80200
2016-01-01,ge,80000
2016-07-01,no,79800
2016-07-01,lt,79800
2016-05-01,lt,79700
2015-05-01,pa,79600
2016-02-01,ae,79600
2016-07-01,at,79500
2016-08-01,ve,79200
2014-01-01,jo,79200
2016-07-01,gt,79100
2016-06-01,il,79000
2016-01-01,il,78800
2015-06-01,be,78700
2016-02-01,il,78500
2015-10-01,no,78000
2016-04-01,ec,77800
2015-11-01,be,77500
2016-02-01,cl,77400
2015-11-01,hn,77400
2015-10-01,il,77300
2015-05-01,by,77200
2015-12-01,no,77100
2016-04-01,gt,76900
2015-05-01,bd,76800
2016-01-01,cl,76700
2015-10-01,lk,76500
2015-09-01,pk,76500
2015-11-01,at,76400
2015-05-01,ly,76100
2016-05-01,nz,76000
2015-09-01,il,75400
2014-01-01,bd,75400
2015-12-01,ve,75100
2015-11-01,bd,75000
2015-05-01,ge,74800
2016-06-01,nz,74500
2015-11-01,nz,74500
2015-06-01,dk,74400
2015-05-01,nz,74300
2015-09-01,no,74200
2016-02-01,lk,74100
2016-01-01,no,73900
2015-12-01,pe,73600
2015-12-01,il,73400
2015-06-01,bd,73300
2015-06-01,gt,73300
2015-10-01,ge,73200
2016-02-01,no,73000
2015-12-01,lk,72800
2015-07-01,il,72500
2015-11-01,lt,72400
2015-09-01,be,72200
2015-08-01,ie,72000
2015-05-01,cr,71700
2015-07-01,hn,71600
2016-04-01,pe,71600
2015-06-01,at,71300
2015-08-01,nz,71100
2016-05-01,ly,70900
2016-05-01,by,70900
2016-04-01,ve,70700
2015-06-01,pk,70600
2015-07-01,bz,70000
2015-05-01,kw,69900
2015-08-01,ly,69800
2016-01-01,lk,69600
2016-03-01,no,69500
2016-02-01,pe,69400
2016-05-01,at,69400
2015-06-01,pa,69200
2016-06-01,no,68900
2016-03-01,lk,68900
2015-08-01,by,68700
2015-07-01,pk,68700
2014-01-01,ye,68200
2015-11-01,dk,68100
2016-01-01,pe,67900
2016-05-01,ie,67500
2016-08-01,cz,67500
2015-04-01,no,67400
2015-07-01,be,67100
2015-05-01,kh,67100
2016-08-01,ba,67100
2015-05-01,ie,67100
2015-05-01,lt,67000
2016-05-01,be,67000
2016-04-01,no,66800
2015-08-01,bd,66700
2015-12-01,ge,66600
2016-08-01,se,66500
2015-07-01,at,66500
2016-07-01,be,66400
2015-04-01,cl,66400
2015-10-01,at,66100
2015-11-01,jo,65900
2015-04-01,be,65800
2015-08-01,lt,65500
2016-07-01,ie,65500
2015-08-01,pa,65400
2015-09-01,at,65400
2014-01-01,kg,65300
2015-06-01,ly,65200
2015-04-01,il,65000
2015-05-01,dk,64900
2015-06-01,lt,64800
2015-07-01,gt,64800
2015-05-01,jo,64800
2015-08-01,dk,64800
2016-08-01,ps,64400
2016-08-01,az,64300
2016-07-01,ly,64200
2016-04-01,lt,64100
2015-06-01,nz,64000
2016-03-01,lt,64000
2014-01-01,ie,63600
2016-02-01,at,63500
2015-11-01,kw,63500
2015-10-01,nz,63200
2015-10-01,ly,63100
2014-01-01,bo,63000
2016-03-01,pe,63000
2016-01-01,at,63000
2015-06-01,by,63000
2015-05-01,ni,62900
2015-11-01,pa,62600
2015-11-01,ve,62300
2015-09-01,ie,61900
2015-10-01,be,61900
2016-02-01,by,61800
2015-06-01,ie,61700
2016-02-01,be,61700
2016-05-01,fi,61700
2016-06-01,gt,61600
2015-06-01,jo,61500
2016-05-01,ve,61500
2016-02-01,lt,61500
2016-01-01,by,61400
2015-04-01,cr,61300
2015-04-01,pa,61300
2015-06-01,cr,61000
2015-08-01,lv,60900
2016-06-01,lt,60900
2015-10-01,bd,60500
2015-08-01,kw,60400
2015-10-01,by,60400
2016-01-01,ie,60100
2015-11-01,lv,60100
2016-03-01,by,60100
2015-12-01,by,59800
2016-03-01,at,59800
2016-07-01,dk,59800
2015-07-01,kw,59600
2015-10-01,ie,59300
2015-04-01,at,59200
2016-05-01,ae,59200
2015-06-01,kw,59100
2015-12-01,ie,59100
2015-08-01,ni,59000
2015-11-01,ni,59000
2015-10-01,lt,58900
2015-12-01,nz,58600
2015-05-01,ve,58500
2015-09-01,ly,58400
2016-06-01,at,58400
2016-07-01,by,58400
2014-01-01,lv,58400
2016-05-01,bd,58400
2015-09-01,by,58300
2015-12-01,at,58300
2015-08-01,cr,58100
2015-07-01,dk,58000
2016-04-01,ge,58000
2015-12-01,bd,58000
2016-07-01,fi,57700
2016-01-01,lt,57700
2015-05-01,pe,57600
2015-04-01,by,57600
2015-07-01,ly,57600
2015-07-01,sv,57600
2016-01-01,be,57500
2016-04-01,by,57400
2015-05-01,lv,57300
2016-08-01,do,57200
2016-04-01,nz,56900
2015-12-01,lt,56800
2016-08-01,sk,56800
2016-06-01,xy,56800
2016-02-01,ge,56700
2015-12-01,dk,56600
2015-04-01,np,56500
2015-04-01,hn,56500
2016-02-01,nz,56300
2016-04-01,at,56200
2015-06-01,ni,56100
2015-09-01,pa,56100
2015-08-01,ve,56000
2016-07-01,bd,56000
2015-09-01,nz,55800
2015-10-01,ve,55700
2016-02-01,ie,55600
2015-04-01,bd,55600
2015-11-01,fi,55500
2015-06-01,kh,55400
2015-09-01,bd,55400
2016-03-01,be,55300
2015-12-01,be,55300
2016-06-01,be,55200
2015-07-01,cr,55100
2015-06-01,ve,54700
2015-10-01,lv,54600
2016-01-01,nz,54500
2015-08-01,fi,54400
2015-12-01,kw,54400
2016-06-01,by,54300
2015-10-01,kw,54200
2015-12-01,hn,53900
2016-01-01,ve,53700
2016-06-01,ly,53500
2015-05-01,fi,53500
2015-04-01,gt,53500
2016-05-01,pa,53300
2015-10-01,dk,53300
2016-03-01,ve,53200
2016-03-01,bd,53200
2015-07-01,ie,53200
2015-10-01,pa,53000
2016-04-01,ie,53000
2015-09-01,ve,52900
2016-07-01,lv,52800
2016-02-01,bd,52800
2016-06-01,ve,52600
2015-06-01,lv,52100
2015-07-01,nz,52100
2015-08-01,jo,52100
2016-03-01,nz,52000
2016-08-01,md,51900
2015-04-01,pk,51700
2016-06-01,ie,51500
2016-04-01,be,51300
2015-10-01,jo,50900
2016-04-01,bd,50900
2016-07-01,ae,50800
2015-04-01,ie,50800
2014-01-01,lb,50700
2015-04-01,jo,50700
2015-09-01,dk,50600
2016-06-01,bd,50500
2015-11-01,ge,50400
2015-07-01,lt,50200
2015-08-01,kh,50200
2015-09-01,lv,50100
2015-10-01,ni,50100
2016-05-01,dk,50000
2015-09-01,jo,49900
2016-01-01,bd,49800
2016-06-01,fi,49700
2014-01-01,bz,49700
2016-01-01,fi,49600
2016-05-01,lk,49200
2016-03-01,ie,49200
2016-05-01,kw,49100
2015-12-01,jo,49000
2016-02-01,kw,48900
2015-04-01,ly,48800
2015-04-01,nz,48600
2015-06-01,fi,48600
2016-05-01,lv,48600
2015-04-01,dk,48400
2014-01-01,ly,48400
2016-01-01,dk,48300
2015-11-01,,48000
2015-09-01,lt,47700
2015-04-01,kh,47600
2016-02-01,fi,47500
2014-01-01,mk,47200
2016-08-01,tn,47200
2016-01-01,kw,47000
2016-04-01,ae,47000
2015-06-01,pe,46700
2016-01-01,pa,46700
2015-10-01,fi,46700
2016-07-01,pa,46600
2014-01-01,ni,46500
2015-07-01,ve,46500
2015-09-01,fi,46400
2015-07-01,ni,46300
2016-07-01,kw,46200
2015-09-01,kw,46100
2015-04-01,ni,46000
2015-12-01,pa,45900
2015-12-01,ni,45800
2015-09-01,ni,45700
2015-04-01,kw,45500
2016-01-01,ni,45500
2016-04-01,fi,45200
2016-07-01,,45100
2014-01-01,al,45000
2016-03-01,fi,45000
2016-06-01,ae,44900
2015-07-01,bd,44900
2015-12-01,lv,44900
2016-03-01,kw,44800
2016-05-01,,44800
2015-09-01,kh,44700
2016-02-01,dk,44500
2016-04-01,lk,44500
2014-01-01,kh,44500
2015-08-01,pe,44400
2016-02-01,lv,44400
2016-08-01,uy,44200
2016-03-01,jo,44100
2016-04-01,kw,44000
2016-01-01,lv,43600
2015-07-01,pa,43600
2016-03-01,dk,43500
2015-07-01,by,43500
2016-08-01,za,43300
2015-12-01,fi,43200
2015-07-01,lv,43100
2016-06-01,lv,43100
2016-02-01,pa,42900
2016-01-01,jo,42600
2014-01-01,gu,42500
2016-03-01,lv,42500
2016-02-01,jo,42000
2015-04-01,ve,41900
2016-03-01,pa,41800
2015-07-01,fi,41600
2015-08-01,ee,41600
2016-06-01,dk,41500
2016-04-01,lv,41400
2015-11-01,xy,41300
2015-05-01,mk,41300
2016-02-01,ni,41100
2016-03-01,ae,41000
2016-06-01,pa,40900
2016-04-01,dk,40800
2015-08-01,,40700
2016-07-01,jo,40700
2016-05-01,jo,40700
2015-04-01,lv,40500
2016-06-01,lk,40300
2016-07-01,ye,40200
2016-07-01,pe,40000
2015-12-01,ly,39800
2015-11-01,mk,39800
2016-03-01,ni,39500
2014-01-01,gh,39300
2015-04-01,fi,39000
2016-04-01,sv,38700
2016-06-01,kw,38600
2015-04-01,lt,38500
2016-02-01,ly,38300
2014-01-01,mu,38200
2015-05-01,ee,37900
2015-11-01,ye,37900
2015-04-01,pe,37900
2014-01-01,lt,37800
2016-04-01,,37500
2016-04-01,pa,37400
2016-07-01,iq,37400
2016-02-01,,37000
2016-05-01,ye,36900
2016-03-01,sv,36800
2015-09-01,ge,36800
2015-10-01,,36800
2015-07-01,ge,36700
2016-05-01,ee,36500
2016-04-01,jo,36300
2016-02-01,ye,36300
2015-05-01,,36200
2015-11-01,ee,36200
2016-01-01,,36200
2014-01-01,ve,36000
2016-03-01,,35900
2016-08-01,hr,35900
2015-07-01,kh,35800
2015-05-01,al,35800
2016-08-01,hu,35700
2014-01-01,ee,35600
2016-07-01,lk,35600
2016-06-01,,35600
2016-03-01,ly,35600
2016-06-01,pe,35600
2015-06-01,,35300
2015-12-01,,35300
2015-10-01,kh,35200
2016-05-01,xy,35000
2015-05-01,mu,34400
2014-01-01,om,34400
2016-08-01,sg,34300
2016-04-01,ly,34200
2015-06-01,ee,34200
2015-07-01,jo,34200
2015-06-01,mk,34100
2015-12-01,ye,34100
2016-01-01,ye,33900
2014-01-01,kw,33600
2016-05-01,sn,33600
2016-03-01,ge,33300
2015-08-01,xy,33200
2016-02-01,cr,32700
2015-09-01,mk,32500
2016-08-01,ch,32500
2015-08-01,mk,32400
2014-01-01,hn,32400
2015-11-01,uz,32400
2016-07-01,mk,32300
2015-05-01,uz,32200
2015-12-01,mk,32100
2016-06-01,ee,32100
2016-07-01,ee,32000
2015-07-01,,31800
2015-07-01,pe,31700
2014-01-01,pr,31600
2015-09-01,,31400
2015-09-01,ee,31300
2016-04-01,ye,31200
2016-05-01,mk,31100
2015-11-01,bz,31100
2015-05-01,xy,31100
2016-01-01,mk,31100
2015-11-01,sn,31000
2016-06-01,jo,31000
2015-06-01,al,31000
2015-12-01,ee,31000
2016-07-01,al,30900
2015-11-01,al,30800
2016-04-01,ee,30700
2015-07-01,ee,30700
2015-10-01,mk,30600
2015-12-01,xy,30600
2016-03-01,ye,30500
2015-06-01,mu,30400
2015-05-01,sn,30400
2015-11-01,mu,30000
2015-09-01,cr,29700
2016-08-01,np,29600
2015-10-01,ee,29400
2015-11-01,om,29300
2015-06-01,uz,29300
2015-04-01,ge,29300
2015-08-01,sn,29300
2016-05-01,al,29200
2016-08-01,xy,28800
2016-02-01,ee,28800
2016-06-01,ye,28700
2016-01-01,cr,28700
2016-03-01,ee,28600
2016-08-01,am,28600
2016-07-01,sn,28400
2015-04-01,ye,28300
2015-10-01,ye,28300
2015-12-01,uz,28200
2014-01-01,ge,28000
2016-02-01,mk,28000
2015-09-01,xy,27900
2015-09-01,ye,27900
2016-01-01,xy,27900
2015-11-01,kh,27700
2015-10-01,cr,27600
2016-02-01,uz,27600
2015-10-01,xy,27400
2015-09-01,sn,27200
2016-04-01,mk,27200
2015-12-01,sn,27100
2016-02-01,al,26900
2015-06-01,sn,26800
2016-06-01,mk,26800
2015-08-01,uz,26600
2016-01-01,ee,26500
2014-01-01,,26500
2016-07-01,af,26500
2016-03-01,sn,26500
2016-07-01,ge,26400
2016-06-01,sn,26400
2016-03-01,mk,26200
2015-04-01,mk,26200
2015-08-01,al,26100
2015-09-01,uz,26100
2015-10-01,uz,26000
2015-08-01,gu,26000
2014-01-01,nc,25900
2016-01-01,uz,25800
2015-10-01,al,25800
2015-05-01,om,25700
2015-12-01,al,25700
2015-09-01,al,25600
2015-08-01,mu,25500
2016-01-01,sn,25500
2016-08-01,pk,25400
2015-06-01,xy,25400
2016-03-01,al,25400
2015-10-01,mu,25300
2016-05-01,uz,25100
2015-11-01,gu,25100
2014-01-01,cw,25100
2015-04-01,uz,25000
2015-05-01,gu,24900
2015-11-01,cr,24800
2016-04-01,sn,24800
2016-06-01,al,24800
2015-04-01,xy,24600
2016-04-01,al,24300
2015-10-01,sn,24300
2016-01-01,al,24200
2015-04-01,al,24000
2016-02-01,sn,23800
2015-11-01,mz,23600
2016-01-01,om,23600
2015-07-01,mk,23400
2015-11-01,tt,23400
2015-04-01,ee,23400
2015-09-01,mu,23400
2016-05-01,ni,23300
2015-07-01,xy,23300
2015-11-01,si,23200
2015-04-01,mu,23100
2016-07-01,vg,22900
2015-08-01,ye,22900
2014-01-01,xy,22900
2015-04-01,,22700
2016-05-01,si,22700
2015-05-01,mz,22500
2015-08-01,si,22500
2016-08-01,pt,22500
2014-01-01,iq,22500
2015-06-01,om,22500
2015-06-01,ge,22300
2015-05-01,gh,22300
2015-08-01,mz,22300
2016-08-01,lb,22100
2015-11-01,vg,22000
2015-08-01,vg,22000
2016-05-01,vg,22000
2014-01-01,si,22000
2015-07-01,sn,21900
2015-12-01,cr,21900
2015-08-01,tt,21800
2015-04-01,gu,21700
2016-05-01,hn,21600
2015-07-01,uz,21600
2015-04-01,sn,21600
2014-01-01,tt,21600
2016-06-01,ge,21500
2016-02-01,xy,21500
2015-05-01,si,21400
2016-05-01,mu,21300
2016-02-01,om,21200
2015-12-01,om,21100
2015-05-01,tt,21100
2016-06-01,vg,21000
2015-06-01,gu,20900
2016-05-01,af,20800
2014-01-01,uz,20800
2016-07-01,mz,20700
2016-04-01,xy,20600
2016-05-01,mz,20600
2016-05-01,cr,20600
2016-05-01,bb,20600
2015-06-01,si,20500
2016-07-01,si,20500
2016-01-01,mu,20400
2016-08-01,il,20400
2016-04-01,vg,20400
2016-08-01,bo,20400
2015-09-01,om,20300
2015-06-01,tt,20300
2016-03-01,uz,20200
2016-01-01,si,20100
2015-06-01,mz,20100
2016-07-01,uz,20100
2015-08-01,om,20000
2016-01-01,ly,19900
2016-02-01,vg,19900
2016-05-01,gh,19900
2016-07-01,ao,19900
2015-10-01,gu,19900
2016-07-01,tt,19800
2016-02-01,si,19800
2016-04-01,si,19800
2015-12-01,mu,19800
2016-06-01,af,19800
2016-01-01,mz,19700
2016-03-01,xy,19700
2016-03-01,cr,19700
2015-05-01,af,19600
2015-11-01,ke,19600
2015-10-01,mz,19500
2016-07-01,cr,19500
2015-12-01,si,19400
2016-04-01,cr,19400
2015-04-01,om,19300
2016-05-01,ao,19300
2015-07-01,al,19200
2014-01-01,cy,19200
2016-06-01,ni,19200
2016-08-01,cl,19200
2015-06-01,gh,19100
2015-11-01,iq,19100
2015-05-01,iq,19000
2016-08-01,sa,19000
2016-05-01,iq,19000
2015-07-01,tt,19000
2016-05-01,om,18900
2016-02-01,tt,18900
2015-06-01,ye,18900
2016-01-01,gh,18800
2015-07-01,mu,18800
2015-09-01,si,18800
2016-05-01,sv,18800
2015-11-01,gh,18700
2015-09-01,gu,18700
2016-04-01,mu,18700
2015-12-01,tt,18600
2016-03-01,vg,18500
2015-08-01,pr,18500
2016-07-01,cy,18400
2016-08-01,ec,18300
2015-09-01,tt,18300
2016-01-01,tt,18300
2015-11-01,af,18200
2015-10-01,vg,18200
2016-07-01,hn,18100
2016-04-01,uz,18100
2015-07-01,si,18000
2016-04-01,hn,18000
2016-02-01,mz,17900
2016-07-01,bb,17900
2016-02-01,mu,17900
2016-07-01,ni,17900
2015-10-01,tt,17800
2015-11-01,pr,17800
2015-04-01,tt,17800
2016-06-01,si,17800
2016-02-01,hn,17800
2015-08-01,iq,17700
2016-07-01,mu,17700
2016-03-01,si,17700
2015-10-01,gh,17700
2016-06-01,mz,17600
2015-05-01,lu,17600
2016-05-01,bz,17600
2015-06-01,cy,17600
2016-05-01,cy,17600
2016-01-01,vg,17500
2016-04-01,mz,17500
2016-03-01,mz,17400
2015-09-01,gh,17400
2015-12-01,bz,17400
2016-04-01,ni,17400
2016-03-01,af,17300
2015-07-01,gu,17300
2016-03-01,mu,17300
2015-05-01,cy,17200
2016-06-01,mu,17200
2015-10-01,si,17200
2015-09-01,mz,17100
2016-07-01,sv,17100
2016-06-01,iq,17100
2016-03-01,om,17100
2015-11-01,cy,17000
2015-06-01,af,17000
2016-06-01,uz,17000
2015-10-01,pr,16900
2015-08-01,lu,16900
2015-10-01,af,16800
2016-03-01,bb,16600
2016-05-01,ke,16500
2015-05-01,ye,16500
2014-01-01,bh,16400
2016-08-01,lt,16400
2016-03-01,hn,16400
2014-01-01,sn,16400
2016-04-01,af,16400
2016-05-01,tt,16300
2016-03-01,iq,16300
2016-03-01,tt,16300
2015-04-01,gh,16200
2015-12-01,vg,16200
2016-02-01,bz,16200
2016-08-01,no,16000
2015-05-01,sv,16000
2016-08-01,nz,15900
2016-07-01,bz,15900
2015-11-01,lu,15900
2015-08-01,gh,15900
2015-06-01,lu,15900
2016-04-01,bb,15800
2015-09-01,cy,15800
2016-01-01,lu,15800
2015-08-01,cy,15800
2016-05-01,kh,15700
2015-05-01,sd,15700
2016-04-01,gh,15700
2015-04-01,mz,15600
2016-05-01,lu,15600
2016-04-01,om,15600
2015-05-01,bh,15500
2015-11-01,sd,15500
2015-12-01,lu,15500
2015-07-01,iq,15500
2016-08-01,ly,15500
2015-12-01,af,15400
2015-06-01,iq,15400
2016-01-01,af,15400
2015-06-01,fj,15300
2016-07-01,om,15300
2016-01-01,hn,15300
2016-02-01,gh,15300
2015-12-01,mv,15300
2016-04-01,lu,15200
2015-05-01,mo,15200
2015-10-01,cy,15200
2016-04-01,bz,15100
2015-12-01,mz,15000
2016-08-01,sy,15000
2015-07-01,vg,15000
2016-04-01,tt,15000
2016-06-01,ao,15000
2014-01-01,bb,15000
2016-02-01,iq,14900
2016-07-01,lu,14900
2015-06-01,vg,14900
2015-09-01,iq,14900
2015-06-01,pr,14900
2016-06-01,bb,14900
2016-08-01,ie,14800
2015-11-01,fj,14800
2015-10-01,om,14800
2015-12-01,ke,14800
2014-01-01,gi,14800
2015-07-01,pr,14700
2015-07-01,om,14700
2016-03-01,cy,14700
2016-03-01,lu,14700
2015-04-01,iq,14700
2016-03-01,gh,14700
2015-10-01,lu,14600
2015-05-01,vg,14600
2015-05-01,mv,14600
2014-01-01,la,14600
2016-02-01,cy,14500
2015-12-01,gh,14500
2016-04-01,cy,14400
2015-11-01,ng,14400
2016-06-01,sv,14400
2016-08-01,at,14400
2016-06-01,hn,14400
2016-01-01,cy,14300
2014-01-01,lu,14300
2016-01-01,iq,14300
2016-06-01,tt,14300
2015-11-01,mv,14200
2015-08-01,af,14200
2015-04-01,si,14100
2016-02-01,bb,14100
2016-06-01,cy,14100
2015-12-01,iq,14000
2015-06-01,mo,13900
2015-08-01,mo,13800
2016-03-01,bz,13800
2016-06-01,cr,13700
2016-02-01,af,13700
2015-08-01,fj,13700
2015-08-01,ke,13700
2016-06-01,lu,13600
2015-12-01,cy,13600
2015-10-01,iq,13600
2015-08-01,is,13600
2016-06-01,bz,13600
2015-07-01,cy,13600
2015-10-01,fj,13500
2016-04-01,iq,13500
2016-06-01,om,13500
2016-08-01,dk,13500
2016-02-01,lu,13500
2015-06-01,bh,13400
2015-12-01,pr,13400
2016-03-01,pr,13300
2015-07-01,ye,13300
2015-09-01,pr,13300
2016-02-01,pr,13300
2015-09-01,vg,13300
2016-05-01,gu,13200
2014-01-01,mz,13200
2015-09-01,lu,13100
2016-07-01,pr,13000
2015-05-01,pr,13000
2016-07-01,mr,12900
2015-08-01,mv,12900
2015-08-01,ao,12900
2015-05-01,fj,12800
2015-07-01,mz,12800
2016-02-01,gu,12800
2015-10-01,mv,12800
2015-10-01,ng,12800
2016-08-01,be,12700
2015-08-01,vc,12600
2016-01-01,pr,12600
2016-03-01,kh,12600
2016-04-01,pr,12500
2016-07-01,sd,12500
2016-05-01,pr,12500
2015-11-01,ao,12400
2016-01-01,bz,12400
2016-04-01,sd,12400
2015-11-01,is,12400
2015-09-01,af,12400
2015-09-01,fj,12300
2015-07-01,fj,12200
2015-05-01,mr,12200
2015-05-01,ao,12100
2016-01-01,mv,12100
2015-06-01,ao,12000
2016-05-01,mv,12000
2015-10-01,sd,12000
2016-04-01,ao,12000
2015-04-01,sv,12000
2015-11-01,bh,12000
2014-01-01,sd,12000
2015-04-01,lu,11900
2016-05-01,mr,11900
2016-05-01,sd,11900
2015-11-01,mr,11800
2016-08-01,fi,11800
2015-11-01,tz,11800
2016-04-01,kh,11800
2015-12-01,sd,11800
2016-01-01,ke,11700
2016-07-01,gh,11700
2015-06-01,sv,11700
2015-05-01,ke,11700
2015-07-01,lu,11700
2015-12-01,gu,11600
2016-03-01,sd,11600
2015-05-01,la,11600
2016-05-01,fj,11600
2016-05-01,tz,11600
2015-06-01,ke,11500
2015-04-01,fj,11500
2016-03-01,mr,11500
2015-09-01,ao,11500
2015-10-01,bh,11500
2014-01-01,is,11500
2016-06-01,gh,11400
2016-03-01,ng,11400
2016-07-01,is,11400
2016-07-01,mo,11300
2016-06-01,kh,11300
2016-06-01,pr,11300
2016-08-01,gt,11300
2014-01-01,cm,11300
2015-10-01,ao,11300
2015-04-01,mo,11200
2016-01-01,ao,11200
2016-05-01,vc,11200
2016-05-01,is,11200
2016-03-01,ke,11100
2016-03-01,mv,11100
2015-04-01,sd,11100
2016-01-01,sd,11100
2015-08-01,sd,11000
2016-04-01,ke,11000
2016-08-01,bd,11000
2015-11-01,mo,11000
2015-06-01,is,11000
2015-12-01,mr,10900
2016-01-01,mr,10900
2016-02-01,ke,10900
2016-02-01,sd,10900
2015-06-01,la,10900
2015-06-01,mv,10800
2016-07-01,ke,10800
2016-08-01,ae,10800
2015-10-01,mr,10800
2016-02-01,kh,10800
2014-01-01,qa,10700
2015-06-01,mr,10700
2015-12-01,kh,10700
2016-08-01,lv,10700
2015-06-01,sd,10700
2015-05-01,cm,10600
2016-02-01,ng,10600
2015-09-01,mv,10600
2015-10-01,ke,10600
2015-04-01,vg,10600
2016-07-01,mv,10600
2016-03-01,gu,10600
2016-07-01,fj,10500
2014-01-01,ke,10500
2015-07-01,is,10500
2015-09-01,sd,10500
2015-04-01,af,10500
2016-02-01,mv,10400
2015-07-01,af,10400
2016-01-01,gu,10400
2016-05-01,cm,10300
2016-07-01,tz,10300
2015-07-01,mo,10300
2015-05-01,is,10300
2015-08-01,bh,10200
2015-04-01,bh,10200
2016-05-01,bh,10100
2016-06-01,mv,10100
2015-04-01,ao,10100
2016-08-01,kw,10000
2016-01-01,fj,9900
2015-11-01,vc,9900
2015-04-01,mr,9900
2015-04-01,pr,9800
2015-12-01,mo,9800
2016-01-01,tz,9800
2015-05-01,ng,9800
2014-01-01,fj,9800
2015-10-01,mo,9700
2016-05-01,ng,9700
2015-07-01,ao,9700
2015-08-01,mr,9700
2016-01-01,kh,9700
2016-02-01,vc,9700
2016-05-01,bf,9700
2016-07-01,ng,9700
2016-07-01,kh,9600
2015-07-01,ke,9600
2016-02-01,is,9600
2015-08-01,cm,9500
2016-07-01,vc,9500
2015-07-01,gh,9500
2015-09-01,mr,9500
2015-04-01,cy,9500
2016-04-01,mv,9500
2015-11-01,bf,9500
2015-12-01,fj,9500
2016-01-01,mo,9500
2016-06-01,fj,9400
2016-08-01,by,9400
2016-01-01,is,9400
2015-04-01,tz,9400
2016-05-01,mo,9400
2016-02-01,tz,9400
2015-09-01,bh,9400
2016-02-01,mr,9400
2015-11-01,kg,9400
2016-04-01,fj,9400
2016-04-01,gu,9300
2015-09-01,is,9300
2016-04-01,tz,9300
2015-05-01,bf,9300
2016-03-01,fj,9300
2016-04-01,mo,9200
2016-01-01,bh,9200
2016-04-01,ng,9200
2015-05-01,mn,9100
2015-11-01,zw,9100
2016-06-01,vc,9100
2015-06-01,tz,9100
2016-04-01,mr,9100
2015-12-01,bh,9100
2015-04-01,mv,9100
2015-09-01,vc,9100
2016-02-01,ao,9000
2015-10-01,is,9000
2015-12-01,is,9000
2016-04-01,vc,9000
2016-03-01,ao,9000
2016-07-01,bh,8900
2016-07-01,bf,8900
2016-06-01,gu,8900
2014-01-01,vg,8900
2016-03-01,tz,8800
2015-07-01,bh,8800
2015-11-01,la,8800
2015-08-01,ng,8700
2015-12-01,ng,8700
2015-04-01,la,8700
2015-08-01,fo,8700
2016-06-01,ke,8600
2016-07-01,gu,8600
2014-01-01,ng,8600
2016-01-01,vc,8600
2016-06-01,mo,8500
2016-06-01,mr,8500
2016-08-01,pe,8500
2016-04-01,bh,8500
2015-07-01,mv,8400
2015-09-01,mo,8400
2016-04-01,is,8400
2016-02-01,mo,8300
2016-03-01,bh,8300
2016-02-01,fj,8300
2015-05-01,tz,8300
2015-09-01,ng,8300
2016-08-01,jo,8300
2015-09-01,ke,8300
2015-06-01,ng,8300
2015-07-01,ng,8300
2015-04-01,ke,8200
2015-10-01,zw,8200
2016-08-01,pa,8200
2015-07-01,mr,8200
2015-11-01,cm,8200
2016-08-01,,8100
2015-09-01,tz,8000
2016-06-01,tz,8000
2015-07-01,vc,8000
2015-11-01,bb,8000
2016-03-01,is,8000
2014-01-01,zw,8000
2016-01-01,kg,8000
2015-10-01,vc,7900
2014-01-01,tz,7900
2016-03-01,kg,7900
2016-06-01,is,7900
2016-01-01,bb,7800
2015-08-01,tz,7800
2015-12-01,ao,7800
2015-12-01,tz,7800
2015-12-01,la,7800
2016-07-01,ci,7700
2015-06-01,cm,7700
2016-04-01,bf,7700
2016-02-01,bf,7700
2015-10-01,tz,7700
2016-02-01,bh,7700
2016-03-01,mo,7600
2016-01-01,bf,7600
2015-10-01,kg,7600
2016-03-01,vc,7500
2015-04-01,ng,7500
2015-08-01,la,7500
2015-11-01,cu,7500
2016-06-01,bh,7400
2015-07-01,ci,7400
2016-04-01,mt,7300
2016-07-01,sc,7200
2016-08-01,ee,7200
2014-01-01,mo,7200
2016-06-01,sd,7200
2016-08-01,ye,7100
2016-01-01,ng,7100
2015-08-01,bb,7100
2016-06-01,ng,7100
2016-07-01,cu,7100
2016-05-01,me,7100
2015-05-01,bb,7100
2015-11-01,zm,7000
2015-06-01,vc,7000
2016-05-01,xk,7000
2016-01-01,ci,6900
2015-06-01,mt,6900
2015-07-01,cm,6900
2015-12-01,bf,6800
2016-04-01,kg,6800
2016-01-01,la,6800
2015-05-01,zw,6800
2016-03-01,bf,6800
2015-11-01,mt,6700
2016-02-01,kg,6700
2015-12-01,ci,6700
2016-07-01,kg,6700
2015-05-01,ci,6700
2015-10-01,bb,6700
2015-09-01,bf,6700
2014-01-01,af,6700
2016-04-01,la,6700
2015-07-01,la,6600
2016-02-01,la,6600
2015-05-01,mt,6600
2016-08-01,lk,6600
2016-03-01,mt,6600
2015-05-01,ug,6600
2015-12-01,zm,6600
2015-10-01,cm,6600
2016-08-01,iq,6600
2015-07-01,sd,6500
2015-12-01,vc,6500
2016-02-01,ci,6500
2015-08-01,mt,6500
2014-01-01,bw,6500
2015-04-01,cm,6500
2016-03-01,ci,6500
2015-10-01,la,6400
2015-08-01,ci,6400
2015-07-01,tz,6400
2016-06-01,bf,6400
2016-07-01,me,6400
2015-04-01,bf,6400
2015-04-01,is,6300
2016-06-01,kg,6300
2016-05-01,cu,6300
2016-08-01,af,6300
2016-05-01,ci,6300
2016-05-01,la,6200
2015-09-01,la,6200
2015-12-01,bb,6200
2015-09-01,ci,6200
2015-12-01,kg,6200
2015-05-01,vc,6200
2016-05-01,mt,6200
2014-01-01,mv,6100
2015-08-01,bs,6100
2015-06-01,bb,6100
2016-05-01,kg,6100
2016-05-01,mn,6100
2014-01-01,mr,6100
2015-10-01,gy,6000
2015-08-01,ga,6000
2016-02-01,cu,5900
2015-06-01,qa,5900
2015-04-01,mn,5900
2015-05-01,kg,5900
2016-06-01,ci,5900
2015-04-01,bb,5800
2015-06-01,ci,5800
2015-04-01,zw,5800
2015-11-01,ci,5800
2015-11-01,ga,5800
2015-10-01,ci,5800
2015-08-01,bf,5800
2015-08-01,qa,5800
2015-09-01,bb,5800
2015-10-01,ga,5700
2015-06-01,ug,5700
2016-03-01,la,5700
2015-05-01,ga,5700
2015-05-01,qa,5700
2016-07-01,zw,5700
2015-12-01,zw,5700
2015-12-01,me,5700
2015-08-01,kg,5600
2015-12-01,cu,5600
2016-08-01,sn,5600
2015-11-01,gy,5600
2015-09-01,mt,5600
2016-07-01,jm,5600
2015-05-01,bn,5600
2016-07-01,py,5600
2016-03-01,cu,5600
2015-08-01,me,5600
2015-05-01,cu,5500
2014-01-01,bq,5500
2015-06-01,bf,5500
2016-06-01,me,5500
2015-12-01,cm,5500
2015-08-01,cu,5500
2015-04-01,ci,5500
2016-07-01,la,5400
2015-09-01,cm,5400
2016-07-01,kn,5400
2016-05-01,tg,5400
2015-11-01,me,5400
2015-09-01,fo,5400
2015-04-01,vc,5400
2014-01-01,bf,5400
2014-01-01,me,5400
2016-01-01,mt,5400
2016-08-01,ge,5300
2016-02-01,me,5300
2015-07-01,bb,5300
2016-08-01,mk,5300
2016-05-01,jm,5200
2015-06-01,me,5200
2016-04-01,tg,5200
2015-10-01,bf,5200
2016-01-01,cu,5200
2014-01-01,ao,5200
2015-06-01,ga,5200
2015-10-01,gi,5200
2015-04-01,kg,5200
2016-03-01,zw,5200
2016-07-01,mt,5200
2015-05-01,gi,5100
2016-06-01,la,5100
2016-02-01,ga,5100
2015-05-01,me,5100
2014-01-01,mt,5100
2015-04-01,mt,5100
2016-08-01,vg,5100
2016-08-01,al,5100
2015-06-01,gi,5000
2015-10-01,cu,5000
2015-07-01,me,4900
2016-02-01,cm,4900
2015-08-01,ug,4900
2016-07-01,ga,4900
2015-09-01,cu,4900
2016-05-01,zw,4900
2016-07-01,mn,4900
2015-08-01,zw,4800
2015-04-01,bn,4800
2015-10-01,me,4800
2016-05-01,py,4800
2016-06-01,mn,4800
2015-11-01,py,4800
2016-01-01,cm,4800
2015-11-01,gi,4800
2016-05-01,qa,4800
2016-04-01,ci,4800
2015-11-01,jm,4800
2015-07-01,mt,4700
2016-08-01,mz,4700
2015-05-01,gy,4700
2015-11-01,xk,4700
2015-12-01,qa,4700
2016-04-01,cu,4700
2016-06-01,py,4700
2015-11-01,tg,4700
2015-12-01,mt,4700
2015-06-01,bw,4600
2016-05-01,kn,4600
2016-01-01,tg,4600
2015-06-01,bn,4600
2016-02-01,mn,4500
2015-08-01,tg,4500
2016-01-01,me,4500
2015-04-01,me,4500
2014-01-01,xk,4500
2016-08-01,om,4500
2015-05-01,bs,4500
2015-06-01,gy,4500
2016-01-01,zw,4400
2015-04-01,qa,4400
2015-10-01,jm,4400
2016-08-01,tt,4400
2014-01-01,re,4400
2015-11-01,ug,4400
2016-04-01,ga,4400
2016-07-01,bs,4400
2014-01-01,vc,4400
2015-11-01,qa,4400
2015-06-01,kn,4400
2016-01-01,qa,4400
2016-08-01,ao,4400
2015-09-01,ga,4400
2016-03-01,me,4400
2015-07-01,cu,4400
2015-05-01,jm,4300
2016-01-01,py,4300
2016-02-01,py,4300
2016-04-01,cm,4300
2015-12-01,ug,4300
2015-08-01,gy,4300
2014-01-01,fo,4300
2015-08-01,kn,4300
2015-10-01,mt,4300
2016-02-01,xk,4300
2015-07-01,gy,4300
2016-08-01,uz,4300
2016-08-01,ni,4300
2015-05-01,re,4300
2016-08-01,si,4300
2015-07-01,qa,4200
2015-11-01,mn,4200
2015-10-01,ug,4200
2016-02-01,mt,4200
2016-04-01,py,4200
2015-04-01,gi,4200
2015-10-01,sm,4200
2016-07-01,sm,4200
2016-06-01,cu,4200
2015-09-01,me,4200
2016-02-01,tg,4200
2015-09-01,gi,4200
2015-12-01,ga,4200
2015-06-01,zw,4200
2015-07-01,bs,4100
2015-12-01,bs,4100
2015-09-01,ug,4100
2016-04-01,bs,4100
2016-07-01,cw,4100
2015-11-01,kn,4100
2016-03-01,mn,4100
2016-04-01,kn,4100
2016-03-01,ga,4100
2016-02-01,jm,4100
2015-12-01,gi,4100
2016-06-01,ga,4100
2015-11-01,ls,4000
2016-05-01,ga,4000
2015-09-01,mn,4000
2016-07-01,qa,4000
2016-01-01,cw,4000
2015-07-01,zw,4000
2015-08-01,bn,4000
2015-05-01,tg,4000
2016-05-01,sm,4000
2015-06-01,cu,4000
2015-07-01,bf,4000
2015-09-01,jm,4000
2015-10-01,xk,4000
2015-09-01,kg,4000
2015-06-01,tg,4000
2015-07-01,mn,4000
2016-04-01,zw,3900
2015-08-01,bw,3900
2015-12-01,mn,3900
2015-09-01,qa,3900
2015-11-01,sm,3900
2014-01-01,mn,3900
2015-08-01,gi,3900
2015-11-01,bs,3900
2015-10-01,zm,3900
2015-06-01,jm,3900
2016-03-01,cm,3900
2015-04-01,ug,3900
2015-05-01,kn,3900
2015-05-01,sm,3800
2015-08-01,jm,3800
2015-12-01,sm,3800
2016-02-01,qa,3800
2015-08-01,sm,3800
2015-07-01,ag,3800
2016-02-01,zw,3800
2015-11-01,nc,3800
2015-10-01,bn,3800
2015-06-01,tj,3800
2016-08-01,cy,3800
2016-05-01,bs,3700
2016-02-01,gy,3700
2016-06-01,zw,3700
2016-01-01,ga,3700
2015-12-01,kn,3700
2014-01-01,cu,3700
2015-10-01,tj,3700
2016-03-01,mg,3700
2015-07-01,kn,3700
2016-06-01,mt,3700
2016-03-01,qa,3700
2015-07-01,ga,3700
2016-04-01,xk,3700
2016-08-01,cr,3700
2015-05-01,tj,3700
2015-09-01,gy,3700
2015-06-01,kg,3700
2015-12-01,bw,3700
2016-01-01,mn,3700
2016-07-01,mg,3600
2016-08-01,hn,3600
2016-06-01,kn,3600
2015-06-01,bs,3600
2015-10-01,bw,3600
2015-09-01,zw,3600
2015-10-01,qa,3600
2016-01-01,gi,3600
2015-08-01,mn,3600
2016-05-01,tj,3600
2016-04-01,qa,3600
2016-07-01,tg,3600
2015-09-01,bs,3600
2015-12-01,tg,3600
2015-05-01,bw,3600
2015-06-01,re,3600
2014-01-01,bn,3600
2016-07-01,cm,3600
2015-04-01,tj,3500
2015-09-01,tg,3500
2014-01-01,kn,3500
2015-05-01,fo,3500
2015-04-01,bs,3500
2016-03-01,jm,3500
2015-11-01,bn,3500
2015-04-01,bw,3500
2016-07-01,ug,3500
2015-12-01,jm,3500
2016-08-01,bz,3500
2016-03-01,gi,3500
2016-03-01,gy,3500
2016-03-01,bs,3500
2016-01-01,kn,3500
2015-06-01,fo,3500
2016-04-01,bn,3500
2015-09-01,tj,3400
2016-06-01,gd,3400
2016-05-01,mg,3400
2016-01-01,bw,3400
2015-12-01,xk,3400
2016-04-01,me,3400
2016-01-01,jm,3400
2015-08-01,tj,3400
2016-03-01,sm,3400
2016-02-01,bs,3400
2015-10-01,bs,3400
2015-09-01,kn,3400
2015-11-01,bj,3300
2016-07-01,nc,3300
2016-05-01,bn,3300
2016-04-01,mn,3300
2014-01-01,jm,3300
2016-03-01,tj,3300
2016-03-01,bn,3300
2016-05-01,bw,3300
2015-07-01,ug,3300
2015-10-01,mn,3300
2015-12-01,bj,3300
2016-06-01,tg,3200
2015-12-01,gy,3200
2015-11-01,mg,3200
2015-05-01,ag,3200
2016-06-01,jm,3200
2015-10-01,fo,3200
2015-08-01,re,3200
2015-07-01,tj,3200
2016-07-01,fo,3200
2016-07-01,gd,3200
2016-01-01,bn,3200
2016-07-01,re,3200
2015-10-01,tg,3200
2015-10-01,nc,3200
2015-05-01,ls,3200
2016-02-01,bn,3200
2015-10-01,cd,3100
2016-06-01,cm,3100
2016-07-01,bj,3100
2016-04-01,gi,3100
2014-01-01,ga,3100
2015-10-01,ag,3100
2016-06-01,qa,3100
2016-01-01,mg,3100
2015-09-01,zm,3100
2015-12-01,py,3100
2016-03-01,kn,3000
2015-07-01,kg,3000
2016-07-01,bw,3000
2015-04-01,ga,3000
2016-05-01,ls,3000
2016-06-01,bs,3000
2014-01-01,ci,3000
2016-05-01,gy,3000
2016-08-01,mv,3000
2015-09-01,bw,3000
2014-01-01,tj,3000
2016-04-01,nc,3000
2016-03-01,xk,3000
2015-06-01,xk,3000
2015-06-01,mn,3000
2016-04-01,jm,3000
2016-02-01,kn,3000
2016-03-01,py,3000
2016-02-01,gd,3000
2015-10-01,cw,3000
2016-05-01,ky,3000
2015-08-01,ag,2900
2015-06-01,sm,2900
2014-01-01,bm,2900
2016-04-01,mg,2900
2016-07-01,gy,2900
2016-08-01,lu,2900
2015-11-01,je,2900
2015-12-01,re,2900
2016-02-01,mg,2900
2016-01-01,bj,2900
2014-01-01,je,2900
2016-03-01,bw,2900
2016-08-01,bb,2900
2015-07-01,tg,2900
2015-09-01,nc,2900
2016-06-01,sm,2900
2016-05-01,sc,2900
2015-11-01,cw,2900
2016-01-01,sm,2900
2016-05-01,bm,2900
2016-01-01,bs,2800
2016-01-01,nc,2800
2016-06-01,cw,2800
2015-09-01,xk,2800
2016-08-01,mu,2800
2015-06-01,nc,2800
2015-04-01,re,2800
2015-07-01,bw,2800
2015-11-01,cd,2800
2016-03-01,cw,2800
2015-10-01,bj,2800
2016-06-01,bw,2800
2015-09-01,cw,2800
2015-10-01,kn,2800
2015-11-01,fo,2800
2016-08-01,sv,2800
2015-06-01,ag,2800
2015-11-01,bw,2800
2015-12-01,cw,2700
2015-11-01,ag,2700
2016-04-01,bw,2700
2015-11-01,sc,2700
2016-02-01,ug,2700
2016-05-01,fo,2700
2015-04-01,tg,2700
2015-09-01,bj,2700
2016-03-01,gd,2700
2016-01-01,gy,2700
2016-03-01,tg,2700
2015-12-01,bn,2700
2016-08-01,pr,2600
2016-03-01,ky,2600
2015-05-01,gd,2600
2016-05-01,cw,2600
2015-08-01,zm,2600
2015-09-01,ag,2600
2016-06-01,bn,2600
2015-04-01,cu,2600
2016-06-01,re,2600
2015-04-01,jm,2600
2015-04-01,sm,2600
2015-08-01,mg,2600
2014-01-01,sm,2600
2016-05-01,gd,2600
2015-04-01,gy,2500
2016-05-01,ug,2500
2015-06-01,mg,2500
2015-09-01,pf,2500
2015-05-01,sc,2500
2016-06-01,sc,2500
2015-11-01,gg,2500
2014-01-01,pf,2500
2015-05-01,cw,2500
2016-06-01,nc,2500
2016-05-01,gi,2500
2015-11-01,gd,2500
2016-06-01,bj,2500
2016-05-01,ag,2500
2015-08-01,nc,2400
2016-05-01,re,2400
2015-10-01,rw,2400
2015-11-01,rw,2400
2016-05-01,gp,2400
2015-05-01,bm,2400
2016-07-01,ls,2400
2016-01-01,ls,2400
2016-02-01,ky,2400
2016-08-01,ng,2400
2015-08-01,gp,2400
2015-07-01,sm,2400
2015-06-01,ls,2400
2015-05-01,nc,2400
2016-01-01,je,2400
2016-04-01,sm,2400
2016-08-01,gh,2400
2016-01-01,fo,2400
2016-02-01,gp,2400
2016-01-01,xk,2400
2016-08-01,mr,2400
2015-05-01,pf,2400
2015-10-01,ls,2400
2016-02-01,gi,2400
2016-04-01,bm,2400
2015-09-01,re,2300
2015-04-01,dj,2300
2015-07-01,jm,2300
2015-04-01,mg,2300
2016-08-01,gu,2300
2014-01-01,ls,2300
2016-07-01,bn,2300
2015-10-01,mg,2300
2016-05-01,bj,2300
2015-06-01,je,2300
2016-04-01,ky,2300
2014-01-01,gm,2300
2015-10-01,re,2300
2015-04-01,fo,2300
2014-01-01,vi,2300
2015-05-01,je,2300
2016-03-01,fo,2300
2015-05-01,gg,2300
2015-10-01,ky,2300
2014-01-01,gp,2300
2016-04-01,je,2300
2015-08-01,gg,2300
2015-04-01,ag,2300
2015-11-01,ky,2200
2015-10-01,gp,2200
2016-02-01,cw,2200
2016-08-01,tz,2200
2016-05-01,rw,2200
2015-12-01,mg,2200
2015-09-01,bn,2200
2016-02-01,cd,2200
2016-02-01,bm,2200
2016-07-01,gi,2200
2015-10-01,gd,2200
2015-11-01,tj,2200
2014-01-01,gd,2200
2016-02-01,nc,2200
2016-05-01,gg,2200
2016-08-01,fj,2200
2016-07-01,ky,2200
2014-01-01,mp,2200
2014-01-01,zm,2200
2016-08-01,ke,2200
2016-07-01,tj,2200
2016-06-01,gy,2200
2014-01-01,ag,2200
2016-02-01,fo,2200
2015-05-01,gp,2200
2015-10-01,bm,2200
2016-08-01,mo,2200
2015-05-01,bt,2200
2016-01-01,ag,2100
2016-03-01,ug,2100
2015-09-01,ky,2100
2016-08-01,bh,2100
2015-04-01,ls,2100
2015-09-01,sm,2100
2015-05-01,li,2100
2015-08-01,xk,2100
2016-03-01,re,2100
2014-01-01,ky,2100
2016-04-01,ug,2100
2016-03-01,bj,2100
2016-04-01,cd,2100
2015-10-01,pf,2100
2015-06-01,bj,2100
2016-03-01,zm,2100
2015-04-01,kn,2100
2016-04-01,gd,2100
2016-02-01,gg,2100
2016-02-01,sm,2100
2015-10-01,sc,2100
2016-06-01,ky,2100
2015-09-01,gd,2100
2016-07-01,zm,2100
2016-02-01,tj,2100
2016-04-01,ls,2100
2015-11-01,li,2100
2014-01-01,bs,2100
2016-07-01,pf,2100
2016-03-01,nc,2100
2015-11-01,re,2100
2015-12-01,pf,2000
2015-08-01,ky,2000
2016-03-01,ls,2000
2015-12-01,nc,2000
2014-01-01,ug,2000
2015-12-01,je,2000
2015-07-01,je,2000
2015-07-01,fo,2000
2015-10-01,gg,2000
2015-04-01,pf,2000
2015-07-01,bn,2000
2015-08-01,gd,2000
2016-08-01,bf,2000
2015-12-01,ky,2000
2015-12-01,gd,2000
2015-06-01,zm,2000
2016-06-01,ug,2000
2016-08-01,sc,2000
2015-08-01,bm,2000
2015-04-01,nc,2000
2016-01-01,gd,2000
2016-06-01,gp,2000
2016-04-01,cw,2000
2014-01-01,sc,2000
2016-08-01,kh,2000
2015-05-01,mg,2000
2016-01-01,bt,1900
2016-04-01,zm,1900
2016-02-01,re,1900
2016-01-01,ky,1900
2016-05-01,bt,1900
2014-01-01,im,1900
2015-04-01,gg,1900
2016-01-01,zm,1900
2015-04-01,gp,1900
2015-07-01,gi,1900
2016-06-01,je,1900
2016-06-01,gg,1900
2015-12-01,ls,1900
2016-03-01,cd,1900
2015-08-01,cw,1900
2016-04-01,gg,1900
2016-06-01,fo,1800
2016-07-01,gg,1800
2016-02-01,ls,1800
2015-12-01,li,1800
2016-01-01,cd,1800
2015-09-01,je,1800
2015-05-01,ky,1800
2015-09-01,rw,1800
2016-07-01,je,1800
2015-09-01,ls,1800
2016-05-01,pg,1800
2015-04-01,je,1800
2016-06-01,bm,1800
2016-01-01,gg,1800
2016-02-01,bj,1800
2016-06-01,tj,1800
2016-04-01,bj,1800
2016-04-01,gp,1800
2015-07-01,nc,1800
2015-10-01,li,1800
2016-05-01,zm,1800
2016-02-01,je,1800
2015-05-01,sz,1800
2016-04-01,tj,1700
2016-02-01,zm,1700
2015-04-01,sc,1700
2015-08-01,sc,1700
2016-07-01,li,1700
2014-01-01,mw,1700
2015-08-01,pf,1700
2014-01-01,li,1700
2016-05-01,nc,1700
2016-01-01,ug,1700
2016-01-01,gp,1700
2016-06-01,ag,1700
2015-04-01,mw,1700
2016-02-01,bw,1700
2015-08-01,rw,1700
2015-12-01,tj,1700
2015-05-01,pg,1700
2016-06-01,gi,1700
2015-11-01,im,1700
2016-08-01,is,1700
2016-08-01,sd,1700
2016-03-01,bm,1700
2016-06-01,zm,1700
2015-06-01,gg,1700
2015-05-01,bj,1700
2015-07-01,li,1600
2015-12-01,ag,1600
2015-08-01,li,1600
2015-06-01,gp,1600
2015-08-01,bj,1600
2016-01-01,re,1600
2015-07-01,xk,1600
2016-08-01,vc,1600
2014-01-01,pg,1600
2014-01-01,na,1600
2014-01-01,mg,1600
2016-04-01,re,1600
2015-11-01,dm,1600
2016-05-01,mq,1600
2015-04-01,li,1600
2016-02-01,ag,1600
2016-05-01,pf,1600
2016-01-01,bm,1600
2015-09-01,bm,1600
2016-02-01,so,1600
2015-11-01,sz,1600
2016-07-01,rw,1600
2015-06-01,rw,1600
2015-06-01,ky,1600
2015-09-01,mg,1600
2015-08-01,cd,1600
2016-04-01,fo,1600
2016-01-01,li,1600
2015-04-01,bm,1600
2015-06-01,cw,1600
2016-06-01,ls,1500
2015-12-01,gg,1500
2016-01-01,gm,1500
2015-07-01,sc,1500
2016-03-01,li,1500
2015-07-01,mg,1500
2015-11-01,mq,1500
2015-05-01,rw,1500
2015-09-01,li,1500
2015-07-01,ky,1500
2016-06-01,bt,1500
2016-04-01,li,1500
2015-10-01,je,1500
2015-05-01,vi,1500
2015-11-01,bm,1500
2015-08-01,bt,1500
2015-12-01,gp,1500
2015-07-01,gd,1500
2016-05-01,na,1500
2015-12-01,bm,1500
2015-12-01,fo,1500
2016-05-01,je,1500
2015-09-01,gp,1500
2015-10-01,sz,1500
2016-01-01,im,1500
2014-01-01,gf,1500
2016-03-01,gp,1500
2016-07-01,gp,1500
2015-09-01,cd,1500
2015-11-01,bi,1500
2016-08-01,kg,1500
2016-08-01,cu,1500
2015-06-01,cg,1500
2015-06-01,bm,1500
2016-07-01,ag,1500
2015-04-01,vi,1500
2016-02-01,rw,1500
2015-11-01,pf,1500
2015-12-01,sc,1500
2016-07-01,im,1500
2015-06-01,sz,1500
2015-06-01,gd,1400
2015-11-01,gp,1400
2015-08-01,ls,1400
2015-07-01,re,1400
2015-06-01,im,1400
2016-04-01,sz,1400
2015-06-01,sc,1400
2015-09-01,gg,1400
2015-12-01,bi,1400
2015-08-01,pg,1400
2016-06-01,mg,1400
2015-07-01,cw,1400
2015-04-01,gm,1400
2016-06-01,gm,1400
2016-04-01,gy,1400
2016-02-01,st,1400
2015-09-01,sz,1400
2015-05-01,xk,1400
2016-02-01,li,1400
2015-07-01,bj,1400
2015-10-01,bi,1400
2015-12-01,rw,1400
2015-08-01,na,1400
2015-11-01,bt,1400
2016-07-01,bt,1400
2015-08-01,je,1400
2015-07-01,ls,1400
2016-03-01,gg,1400
2016-02-01,dm,1400
2016-03-01,sc,1400
2016-04-01,ag,1400
2015-12-01,bt,1400
2016-05-01,im,1400
2015-05-01,bq,1400
2016-03-01,je,1300
2016-04-01,bt,1300
2016-03-01,im,1300
2015-12-01,mc,1300
2015-12-01,mw,1300
2015-10-01,im,1300
2016-03-01,dm,1300
2015-05-01,im,1300
2015-08-01,mw,1300
2014-01-01,dm,1300
2015-04-01,so,1300
2016-04-01,mw,1300
2016-04-01,sc,1300
2016-01-01,pf,1300
2016-03-01,ne,1300
2015-06-01,mq,1300
2015-06-01,pf,1300
2014-01-01,gg,1300
2016-05-01,gm,1300
2016-01-01,tj,1300
2016-07-01,bm,1300
2015-09-01,sc,1300
2016-01-01,mq,1300
2016-02-01,bt,1300
2015-04-01,zm,1300
2015-12-01,dm,1300
2015-11-01,bq,1300
2016-03-01,pf,1300
2015-05-01,zm,1300
2015-11-01,pg,1300
2015-09-01,bt,1300
2015-10-01,sb,1200
2016-06-01,pf,1200
2015-04-01,xk,1200
2015-04-01,im,1200
2016-04-01,cg,1200
2016-06-01,xk,1200
2016-01-01,rw,1200
2016-08-01,mt,1200
2016-01-01,sc,1200
2016-04-01,rw,1200
2016-04-01,na,1200
2016-06-01,dm,1200
2016-07-01,cd,1200
2016-02-01,gm,1200
2015-11-01,cg,1200
2015-04-01,sz,1200
2015-10-01,so,1200
2015-07-01,zm,1200
2016-03-01,ag,1200
2015-04-01,gd,1200
2016-06-01,mh,1200
2015-11-01,sb,1200
2016-06-01,cd,1200
2015-10-01,mw,1200
2015-05-01,mw,1200
2015-12-01,so,1200
2016-05-01,mw,1200
2015-06-01,bq,1100
2016-01-01,mw,1100
2015-05-01,cg,1100
2016-07-01,gm,1100
2016-07-01,mh,1100
2016-05-01,lc,1100
2016-03-01,rw,1100
2015-07-01,lc,1100
2016-05-01,dm,1100
2015-05-01,so,1100
2015-07-01,gp,1100
2016-08-01,jm,1100
2015-09-01,mw,1100
2016-07-01,mq,1100
2015-05-01,lc,1100
2015-06-01,bt,1100
2016-02-01,sc,1100
2016-01-01,so,1100
2015-09-01,gm,1100
2015-06-01,li,1100
2016-08-01,ci,1100
2015-10-01,mq,1100
2015-07-01,pg,1100
2015-08-01,dm,1100
2015-05-01,gm,1100
2015-07-01,rw,1100
2015-09-01,mq,1100
2015-05-01,bi,1100
2014-01-01,rw,1100
2015-09-01,sb,1100
2016-08-01,mg,1100
2016-06-01,mq,1100
2015-07-01,bt,1100
2016-03-01,pg,1100
2015-07-01,gg,1100
2016-07-01,pg,1100
2016-01-01,pg,1000
2015-04-01,rw,1000
2016-02-01,lc,1000
2015-06-01,pg,1000
2015-07-01,na,1000
2016-08-01,sm,1000
2014-01-01,gy,1000
2016-07-01,dm,1000
2016-06-01,li,1000
2014-01-01,ck,1000
2016-06-01,sz,1000
2016-04-01,dm,1000
2015-12-01,vi,1000
2016-02-01,cg,1000
2014-01-01,cd,1000
2014-01-01,kp,1000
2016-05-01,mc,1000
2016-03-01,mq,1000
2015-10-01,dm,1000
2015-12-01,ht,1000
2016-08-01,me,1000
2014-01-01,sz,1000
2015-11-01,mw,1000
2016-03-01,gm,1000
2015-12-01,cd,1000
2016-02-01,pg,1000
2016-02-01,im,1000
2014-01-01,lc,1000
2016-06-01,rw,1000
2016-01-01,sz,1000
2015-10-01,gm,1000
2015-12-01,pg,1000
2015-08-01,lc,1000
2016-04-01,pg,900
2015-08-01,gm,900
2016-03-01,mw,900
2015-09-01,pg,900
2015-07-01,gm,900
2015-07-01,mw,900
2016-05-01,ad,900
2015-05-01,mq,900
2016-06-01,ml,900
2015-11-01,lc,900
2016-03-01,mc,900
2016-08-01,bw,900
2016-02-01,sz,900
2015-04-01,mq,900
2015-09-01,cg,900
2015-07-01,dm,900
2016-02-01,pf,900
2016-02-01,mq,900
2015-08-01,cg,900
2015-11-01,mm,900
2015-12-01,gm,900
2016-03-01,vi,900
2015-08-01,bi,900
2016-04-01,gm,900
2015-12-01,im,900
2015-05-01,km,900
2016-02-01,mw,900
2015-04-01,pg,900
2015-04-01,bq,900
2016-07-01,na,900
2015-05-01,gf,900
2015-11-01,mf,900
2015-05-01,mc,900
2015-08-01,so,900
2015-08-01,im,900
2015-12-01,lc,900
2015-09-01,so,900
2016-05-01,li,900
2016-07-01,mm,900
2016-08-01,cw,800
2015-04-01,ky,800
2016-04-01,pf,800
2016-06-01,ne,800
2015-09-01,ne,800
2015-05-01,sb,800
2016-01-01,lc,800
2015-05-01,st,800
2015-10-01,na,800
2016-08-01,mn,800
2015-10-01,cv,800
2016-07-01,cg,800
2016-05-01,ai,800
2016-05-01,cd,800
2015-11-01,gm,800
2016-08-01,la,800
2015-07-01,vi,800
2015-07-01,bm,800
2015-06-01,gm,800
2015-10-01,bt,800
2016-03-01,bt,800
2015-09-01,im,800
2016-08-01,ga,800
2015-07-01,cg,800
2016-01-01,dm,800
2015-10-01,st,800
2015-10-01,cg,800
2016-03-01,cg,800
2015-05-01,dm,800
2015-07-01,mc,800
2015-12-01,sz,800
2015-04-01,bj,800
2015-05-01,sr,800
2015-12-01,na,800
2015-09-01,ck,800
2016-07-01,sx,800
2016-06-01,mw,800
2015-12-01,mq,800
2015-07-01,mq,800
2015-06-01,mw,800
2015-11-01,gf,800
2015-10-01,pg,800
2016-06-01,ad,700
2016-04-01,lc,700
2015-10-01,bq,700
2016-04-01,ml,700
2016-01-01,ml,700
2014-01-01,bt,700
2015-06-01,ne,700
2015-10-01,ht,700
2015-05-01,ai,700
2015-08-01,sb,700
2016-05-01,gn,700
2016-02-01,na,700
2015-07-01,ne,700
2016-08-01,kn,700
2016-01-01,na,700
2015-08-01,mc,700
2016-05-01,vi,700
2015-08-01,cv,700
2016-02-01,vi,700
2015-11-01,so,700
2015-09-01,na,700
2016-03-01,lc,700
2016-02-01,sl,700
2016-08-01,re,700
2016-03-01,na,700
2015-08-01,gf,700
2016-01-01,mc,700
2016-06-01,lc,700
2015-07-01,cd,700
2016-08-01,bs,700
2015-08-01,sz,700
2015-09-01,ml,700
2015-10-01,ai,700
2015-12-01,st,700
2016-06-01,im,700
2016-08-01,tg,700
2015-07-01,im,700
2016-02-01,gf,700
2015-08-01,vi,700
2015-06-01,so,700
2016-07-01,sz,700
2015-06-01,vi,700
2015-07-01,pf,700
2016-02-01,mc,700
2015-06-01,sx,700
2016-07-01,lc,700
2015-07-01,bi,700
2016-07-01,xk,700
2014-01-01,sb,700
2015-10-01,lc,700
2015-04-01,bt,700
2015-11-01,ne,700
2015-04-01,cw,700
2016-01-01,bi,700
2016-03-01,gf,700
2014-01-01,mf,700
2015-12-01,cg,700
2015-12-01,cv,700
2015-06-01,lc,700
2014-01-01,km,700
2016-06-01,st,600
2015-06-01,gf,600
2016-07-01,bq,600
2015-04-01,bi,600
2015-04-01,cg,600
2015-06-01,lr,600
2016-04-01,mc,600
2015-07-01,to,600
2016-05-01,gf,600
2016-08-01,bn,600
2016-05-01,km,600
2016-06-01,ai,600
2016-01-01,ne,600
2015-07-01,ai,600
2016-07-01,vi,600
2015-09-01,dm,600
2015-12-01,gf,600
2015-06-01,sb,600
2016-07-01,ai,600
2015-08-01,mq,600
2015-07-01,gf,600
2016-06-01,bi,600
2015-04-01,gf,600
2016-02-01,ht,600
2015-11-01,sr,600
2016-08-01,cd,600
2016-05-01,sx,600
2016-06-01,na,600
2015-09-01,mc,600
2015-10-01,aw,600
2015-12-01,ml,600
2015-06-01,cv,600
2016-07-01,mw,600
2016-01-01,sb,600
2015-12-01,aw,600
2016-08-01,zw,600
2015-08-01,mf,600
2016-06-01,sx,600
2016-04-01,mm,600
2015-05-01,gn,600
2016-04-01,gf,600
2014-01-01,bj,600
2016-04-01,mq,600
2015-07-01,so,600
2016-02-01,km,600
2016-03-01,st,600
2016-03-01,mf,600
2015-05-01,ht,600
2015-09-01,bq,600
2015-11-01,ad,600
2016-06-01,km,600
2016-01-01,ad,600
2016-08-01,py,600
2016-01-01,gq,600
2015-09-01,mm,600
2016-04-01,vi,600
2016-08-01,cm,600
2016-07-01,bi,600
2016-07-01,ne,600
2016-04-01,aw,600
2015-11-01,vi,600
2016-01-01,cg,600
2015-05-01,mf,600
2015-08-01,st,600
2015-04-01,gn,600
2016-03-01,ht,600
2014-01-01,mq,600
2015-09-01,vi,600
2016-08-01,pg,600
2015-08-01,mm,600
2016-04-01,ne,600
2015-04-01,ml,600
2016-02-01,sb,600
2015-05-01,ax,600
2015-12-01,ad,600
2015-10-01,ck,500
2015-08-01,vu,500
2016-08-01,qa,500
2015-05-01,ml,500
2015-09-01,to,500
2015-05-01,aw,500
2015-12-01,sr,500
2016-03-01,cv,500
2015-08-01,ai,500
2016-08-01,tj,500
2016-03-01,mm,500
2016-06-01,gf,500
2015-05-01,sx,500
2015-07-01,km,500
2015-08-01,ml,500
2016-03-01,lr,500
2016-08-01,bt,500
2015-05-01,vu,500
2016-02-01,ai,500
2016-01-01,gl,500
2016-08-01,dm,500
2015-12-01,mf,500
2016-05-01,ml,500
2015-06-01,gl,500
2015-06-01,st,500
2016-02-01,ck,500
2016-08-01,li,500
2015-10-01,ne,500
2016-08-01,pf,500
2016-06-01,cg,500
2016-04-01,im,500
2016-05-01,sz,500
2016-05-01,mh,500
2015-11-01,cv,500
2015-06-01,ht,500
2015-06-01,sr,500
2016-03-01,gq,500
2016-05-01,aw,500
2015-08-01,lr,500
2016-04-01,km,500
2014-01-01,mc,500
2016-03-01,ax,500
2015-06-01,ck,500
2015-06-01,sl,500
2015-07-01,ad,500
2016-01-01,mm,500
2016-07-01,ad,500
2015-10-01,ad,500
2015-09-01,lc,500
2016-04-01,sr,500
2016-07-01,et,500
2016-05-01,so,500
2016-05-01,ax,500
2016-08-01,je,500
2016-07-01,gn,500
2016-05-01,sl,500
2016-07-01,ax,500
2015-07-01,mm,500
2015-04-01,dm,500
2016-04-01,so,500
2015-07-01,gn,500
2016-01-01,gf,500
2016-01-01,st,500
2015-10-01,mc,500
2015-09-01,fm,500
2015-08-01,ht,500
2016-02-01,bi,500
2016-05-01,bi,500
2016-06-01,pg,500
2015-07-01,sz,500
2016-01-01,vi,500
2015-05-01,ne,500
2015-06-01,bi,400
2015-08-01,ck,400
2016-07-01,cv,400
2015-11-01,ax,400
2016-01-01,bq,400
2014-01-01,ai,400
2016-01-01,ai,400
2016-08-01,fo,400
2016-06-01,ck,400
2015-11-01,gn,400
2015-12-01,bq,400
2014-01-01,ml,400
2016-01-01,sr,400
2016-03-01,aw,400
2016-01-01,cv,400
2016-06-01,lr,400
2014-01-01,yt,400
2016-07-01,lr,400
2015-05-01,cd,400
2014-01-01,ad,400
2016-02-01,tm,400
2015-11-01,fm,400
2016-07-01,km,400
2015-08-01,aw,400
2015-06-01,ml,400
2016-01-01,ht,400
2015-10-01,sr,400
2016-02-01,to,400
2016-02-01,ne,400
2016-06-01,td,400
2015-08-01,et,400
2015-05-01,gl,400
2015-09-01,ai,400
2015-06-01,aw,400
2015-04-01,sr,400
2016-04-01,sx,400
2016-03-01,sz,400
2015-04-01,ne,400
2014-01-01,sx,400
2015-05-01,mm,400
2015-09-01,ht,400
2016-05-01,mm,400
2015-04-01,lr,400
2016-08-01,ag,400
2015-09-01,sr,400
2015-12-01,gq,400
2015-08-01,sx,400
2014-01-01,gq,400
2016-08-01,gp,400
2015-09-01,bi,400
2015-11-01,gq,400
2016-05-01,st,400
2014-01-01,vu,400
2015-07-01,sb,400
2016-02-01,ad,400
2016-03-01,so,400
2016-08-01,ky,400
2015-12-01,mm,400
2015-06-01,nr,400
2016-05-01,lr,400
2016-05-01,fk,400
2015-05-01,dj,400
2015-10-01,gn,400
2015-06-01,ss,400
2016-06-01,so,400
2015-09-01,gf,400
2015-06-01,dm,400
2015-06-01,mc,400
2016-07-01,so,400
2016-08-01,im,400
2015-07-01,ck,400
2015-07-01,lr,400
2016-08-01,gy,400
2015-04-01,mm,400
2016-04-01,vu,400
2016-05-01,tl,400
2016-02-01,bq,400
2014-01-01,cg,400
2015-10-01,kp,400
2015-11-01,na,400
2015-05-01,lr,400
2015-08-01,va,400
2016-02-01,ml,400
2015-06-01,na,400
2015-04-01,cd,400
2015-09-01,lr,400
2015-12-01,km,400
2016-03-01,bi,400
2015-08-01,ad,400
2014-01-01,tg,400
2015-11-01,ht,400
2016-01-01,km,400
2014-01-01,lr,400
2016-07-01,gf,400
2016-08-01,gd,400
2016-04-01,bi,300
2016-06-01,cv,300
2016-05-01,sr,300
2016-06-01,mc,300
2015-07-01,tl,300
2016-01-01,to,300
2015-10-01,ki,300
2016-08-01,sz,300
2016-04-01,ad,300
2015-10-01,sx,300
2015-07-01,tm,300
2016-07-01,aw,300
2015-06-01,cd,300
2015-09-01,aw,300
2015-05-01,to,300
2015-07-01,yt,300
2016-04-01,sl,300
2016-06-01,bq,300
2015-04-01,st,300
2015-10-01,ml,300
2015-11-01,sl,300
2016-03-01,sr,300
2016-03-01,ai,300
2015-08-01,ne,300
2016-02-01,mm,300
2015-04-01,lc,300
2015-06-01,vu,300
2016-03-01,td,300
2015-10-01,gq,300
2015-06-01,fk,300
2015-10-01,gf,300
2015-09-01,io,300
2016-01-01,tl,300
2016-08-01,nc,300
2015-11-01,sx,300
2016-03-01,sl,300
2016-07-01,ck,300
2015-05-01,ck,300
2016-04-01,mh,300
2015-07-01,sx,300
2016-02-01,sr,300
2015-04-01,tl,300
2016-02-01,aw,300
2014-01-01,dj,300
2015-05-01,tc,300
2015-10-01,mf,300
2016-05-01,td,300
2016-05-01,cg,300
2016-06-01,ws,300
2016-07-01,sr,300
2015-12-01,ck,300
2014-01-01,st,300
2014-01-01,sr,300
2016-04-01,ai,300
2016-02-01,mf,300
2015-04-01,mc,300
2016-04-01,cv,300
2015-06-01,fm,300
2016-03-01,et,300
2015-12-01,et,300
2015-06-01,ax,300
2016-02-01,td,300
2016-01-01,ck,300
2016-03-01,ck,300
2015-10-01,lr,300
2016-02-01,cv,300
2015-06-01,et,300
2014-01-01,cv,300
2016-04-01,td,300
2015-09-01,ax,300
2016-06-01,sr,300
2016-07-01,mc,300
2015-10-01,et,300
2015-06-01,ai,300
2016-08-01,mw,300
2015-11-01,st,300
2015-06-01,mf,300
2016-04-01,io,300
2015-05-01,tl,300
2016-05-01,vu,300
2016-04-01,to,300
2015-11-01,mp,300
2016-01-01,ax,300
2016-08-01,zm,300
2016-02-01,lr,300
2015-07-01,ax,300
2015-08-01,ax,300
2015-11-01,tm,300
2015-09-01,km,300
2015-09-01,mf,300
2016-01-01,fm,300
2015-11-01,to,300
2016-05-01,mf,300
2015-04-01,ck,300
2016-01-01,mp,300
2015-11-01,lr,300
2015-05-01,sl,300
2014-01-01,ht,300
2015-08-01,bq,300
2016-07-01,ws,300
2016-07-01,sb,300
2015-07-01,bq,300
2015-10-01,fm,300
2014-01-01,ax,300
2015-04-01,sx,300
2014-01-01,gn,300
2015-05-01,na,300
2015-12-01,fk,300
2016-06-01,mm,300
2014-01-01,to,300
2015-12-01,ki,300
2015-07-01,sr,300
2016-03-01,bq,300
2016-02-01,ki,300
2015-05-01,gq,300
2016-06-01,vi,300
2016-04-01,ax,300
2016-07-01,kp,300
2015-11-01,tl,300
2014-01-01,ne,300
2014-01-01,bi,300
2016-04-01,gn,300
2016-04-01,va,300
2016-07-01,gl,300
2015-12-01,td,300
2015-12-01,fm,300
2016-08-01,ug,300
2015-12-01,gn,300
2015-12-01,ai,300
2015-11-01,ml,300
2015-08-01,sl,300
2015-07-01,sl,300
2015-12-01,ax,300
2016-03-01,gn,300
2016-08-01,ne,300
2015-04-01,ht,300
2015-04-01,sb,300
2016-08-01,sx,200
2015-10-01,io,200
2016-06-01,sb,200
2016-06-01,et,200
2015-10-01,tm,200
2015-10-01,to,200
2016-04-01,lr,200
2016-07-01,fm,200
2015-04-01,as,200
2015-06-01,gq,200
2015-08-01,sr,200
2015-11-01,et,200
2016-06-01,tl,200
2016-07-01,ml,200
2016-04-01,bq,200
2016-06-01,tm,200
2015-09-01,as,200
2016-06-01,pw,200
2016-02-01,vu,200
2014-01-01,bl,200
2014-01-01,pw,200
2016-06-01,fm,200
2015-11-01,io,200
2016-03-01,ki,200
2016-05-01,cv,200
2016-02-01,et,200
2015-05-01,ss,200
2016-08-01,cg,200
2015-11-01,pw,200
2016-05-01,bq,200
2015-08-01,tm,200
2015-05-01,ws,200
2014-01-01,tc,200
2016-07-01,gq,200
2015-10-01,ax,200
2015-06-01,tc,200
2016-08-01,bm,200
2014-01-01,nr,200
2014-01-01,pm,200
2015-06-01,km,200
2015-11-01,mc,200
2015-04-01,mf,200
2015-09-01,vu,200
2016-03-01,tc,200
2016-02-01,gn,200
2015-04-01,ai,200
2015-10-01,fk,200
2016-07-01,td,200
2016-01-01,td,200
2016-02-01,gq,200
2015-12-01,io,200
2015-04-01,gq,200
2015-09-01,gn,200
2015-08-01,yt,200
2015-12-01,sb,200
2015-08-01,td,200
2016-01-01,sx,200
2016-01-01,sl,200
2016-04-01,ck,200
2015-06-01,ad,200
2015-09-01,gw,200
2015-12-01,mp,200
2015-04-01,cv,200
2015-07-01,tc,200
2015-05-01,kp,200
2016-05-01,dj,200
2016-05-01,ne,200
2015-11-01,aw,200
2015-11-01,ai,200
2015-04-01,vu,200
2015-04-01,km,200
2016-02-01,bl,200
2016-03-01,ad,200
2015-04-01,gl,200
2016-08-01,gn,200
2016-08-01,ax,200
2014-01-01,ki,200
2015-09-01,gq,200
2015-09-01,ki,200
2016-04-01,ht,200
2015-10-01,km,200
2015-09-01,st,200
2015-12-01,ne,200
2015-07-01,pm,200
2015-08-01,tl,200
2016-04-01,fm,200
2015-06-01,ki,200
2015-10-01,mm,200
2015-06-01,gn,200
2016-04-01,tc,200
2015-04-01,sl,200
2015-11-01,nu,200
2015-09-01,et,200
2016-03-01,ml,200
2015-11-01,as,200
2016-05-01,ht,200
2016-05-01,ws,200
2015-11-01,vu,200
2016-03-01,kp,200
2015-08-01,gq,200
2015-06-01,tl,200
2016-06-01,fk,200
2014-01-01,td,200
2016-08-01,lc,200
2015-12-01,tm,200
2016-01-01,et,200
2015-07-01,gq,200
2015-11-01,ck,200
2015-11-01,km,200
2015-06-01,pm,200
2016-07-01,ht,200
2015-04-01,mp,200
2015-05-01,fk,200
2016-06-01,vu,200
2015-07-01,mf,200
2015-04-01,ax,200
2015-08-01,to,200
2016-08-01,mc,200
2015-07-01,et,200
2016-02-01,mp,200
2016-05-01,to,200
2016-06-01,ht,200
2016-05-01,fm,200
2016-07-01,va,200
2016-03-01,sb,200
2016-08-01,gi,200
2015-08-01,as,200
2016-06-01,aq,200
2015-11-01,yt,200
2016-04-01,st,200
2015-04-01,na,200
2015-05-01,ad,200
2015-05-01,mp,200
2015-09-01,mp,200
2015-04-01,ss,200
2015-08-01,fm,200
2016-02-01,er,200
2015-07-01,fm,200
2015-08-01,km,200
2015-11-01,ws,200
2016-08-01,ai,200
2015-05-01,tm,200
2016-05-01,gl,200
2016-03-01,to,200
2015-09-01,va,200
2016-07-01,tl,200
2016-08-01,mq,100
2015-12-01,tc,100
2015-04-01,va,100
2015-08-01,kp,100
2016-03-01,ws,100
2015-10-01,va,100
2016-06-01,mf,100
2016-06-01,gn,100
2016-03-01,fk,100
2016-08-01,vi,100
2016-02-01,fm,100
2015-06-01,tm,100
2016-04-01,sb,100
2016-05-01,tm,100
2015-07-01,cv,100
2016-06-01,ax,100
2016-01-01,lr,100
2016-02-01,cf,100
2016-03-01,fm,100
2016-01-01,io,100
2015-06-01,kp,100
2016-06-01,sl,100
2015-11-01,gw,100
2015-06-01,mh,100
2016-08-01,gf,100
2016-03-01,tl,100
2015-10-01,gl,100
2016-06-01,ki,100
2016-01-01,va,100
2016-05-01,ki,100
2016-08-01,bj,100
2014-01-01,aw,100
2016-03-01,dj,100
2016-04-01,mf,100
2016-08-01,vu,100
2016-04-01,aq,100
2016-02-01,sx,100
2014-01-01,fk,100
2015-10-01,tl,100
2015-12-01,gl,100
2016-08-01,km,100
2015-09-01,wf,100
2014-01-01,cf,100
2015-12-01,dj,100
2015-05-01,bl,100
2015-11-01,dj,100
2016-02-01,tv,100
2015-07-01,vu,100
2014-01-01,et,100
2015-11-01,ss,100
2015-12-01,sl,100
2015-09-01,sx,100
2015-07-01,aw,100
2016-05-01,er,100
2015-05-01,pw,100
2015-04-01,fk,100
2015-11-01,bl,100
2016-03-01,gl,100
2016-03-01,km,100
2016-03-01,vu,100
2015-12-01,sx,100
2016-05-01,as,100
2016-02-01,yt,100
2016-08-01,ht,100
2016-02-01,ms,100
2016-07-01,as,100
2015-08-01,tv,100
2016-06-01,pm,100
2016-08-01,rw,100
2015-08-01,mp,100
2016-01-01,mf,100
2016-08-01,mp,100
2016-02-01,io,100
2015-06-01,ws,100
2016-02-01,gl,100
2015-10-01,cf,100
2016-08-01,ck,100
2015-11-01,fk,100
2015-10-01,ws,100
2016-04-01,pw,100
2015-04-01,aw,100
2016-03-01,nu,100
2015-07-01,ml,100
2016-02-01,pw,100
2015-05-01,fm,100
2015-10-01,vi,100
2016-06-01,gl,100
2016-02-01,tl,100
2015-05-01,er,100
2016-06-01,bl,100
2015-09-01,td,100
2015-05-01,va,100
2014-01-01,fm,100
2014-01-01,tm,100
2015-04-01,io,100
2016-07-01,tc,100
2015-04-01,td,100
2016-07-01,bl,100
2015-10-01,dj,100
2015-07-01,gw,100
2016-04-01,bl,100
2015-12-01,pw,100
2016-07-01,fk,100
2016-07-01,sl,100
2015-12-01,vu,100
2015-07-01,ms,100
2016-07-01,to,100
2016-08-01,xk,100
2016-03-01,bl,100
2015-09-01,fk,100
2015-07-01,er,100
2016-05-01,kp,100
2016-08-01,aq,100
2015-11-01,tc,100
2015-04-01,yt,100
2015-11-01,pm,100
2016-08-01,ml,100
2015-05-01,td,100
2016-01-01,ws,100
2016-04-01,gl,100
2015-08-01,mh,100
2016-02-01,fk,100
2015-11-01,gl,100
2015-09-01,kp,100
2016-08-01,mm,100
2016-08-01,gg,100
2016-05-01,ck,100
2016-05-01,gw,100
2015-04-01,er,100
2016-04-01,gq,100
2016-04-01,et,100
2016-05-01,va,100
2015-08-01,gl,100
2016-08-01,mh,100
2015-08-01,gn,100
2015-10-01,pw,100
2015-05-01,tv,100
2016-01-01,ss,100
2015-07-01,gl,100
2016-01-01,as,100
2015-07-01,st,100
2016-04-01,tm,100
2015-08-01,io,100
2015-10-01,mh,100
2016-08-01,gm,100
2015-06-01,as,100
2015-04-01,mh,100
2016-04-01,gw,100
2016-01-01,tc,100
2016-04-01,pm,100
2015-08-01,tc,100
2015-09-01,dj,100
2016-08-01,bi,100
2015-12-01,tl,100
2016-04-01,fk,100
2016-05-01,sb,100
2016-08-01,ls,100
2015-06-01,mp,100
2015-12-01,cf,100
2015-12-01,as,100
2016-08-01,na,100
2015-12-01,gw,100
2015-06-01,cf,100
2014-01-01,va,100
2014-01-01,io,100
2016-04-01,cf,100
2015-09-01,nr,100
2016-04-01,yt,100
2015-05-01,et,100
2016-08-01,fm,100
2016-08-01,to,100
2016-07-01,mf,100
2015-05-01,yt,100
2016-05-01,tc,100
2016-04-01,nr,100
2015-12-01,ms,100
2016-06-01,aw,100
2016-05-01,gq,100
2015-06-01,io,100
2015-05-01,io,100
2016-06-01,as,100
2015-10-01,nr,100
2016-08-01,lr,100
2016-06-01,gq,100
2015-12-01,to,100
2016-06-01,kp,100
2015-11-01,kp,100
2015-08-01,ki,100
2016-02-01,pm,100
2015-08-01,dj,100
2016-06-01,gw,100
2015-10-01,tc,100
2016-01-01,gn,100
2015-09-01,gl,100
2014-01-01,ws,100
2016-08-01,sr,100
2016-06-01,va,100
2015-08-01,fk,100
2015-12-01,lr,100
2016-06-01,to,100
2016-08-01,gq,100
2015-09-01,tl,100
2016-01-01,pm,100
2016-03-01,ss,100
2015-12-01,bl,100
2016-02-01,kp,100
2015-06-01,mm,100
2016-08-01,ad,100
2016-05-01,yt,100
2016-03-01,yt,100
2016-03-01,tv,100
2015-10-01,pm,100
2016-05-01,et,100
2016-01-01,pw,100
2016-08-01,so,100
2015-11-01,td,100
2015-11-01,ki,100
2016-07-01,io,100
2015-09-01,sl,100
2015-04-01,ad,100
