2016-01-01,mx,976700
2015-12-01,hu,733600
2016-03-01,hu,635600
2016-04-01,hu,633200
2016-02-01,hu,589400
2016-05-01,hu,523800
2016-01-01,hu,522500
2016-01-01,us,520800
2015-08-01,us,497600
2015-03-01,kr,469800
2015-07-01,cn,457600
2015-07-01,us,449700
2015-10-01,hu,441800
2015-05-01,kr,432200
2015-07-01,ru,428300
2015-04-01,kr,417800
2015-01-01,kr,414700
2015-11-01,hu,409700
2014-12-01,kr,402700
2015-12-01,us,401900
2015-08-01,hu,399000
2016-05-01,vn,379600
2015-02-01,kr,374100
2014-10-01,kr,358000
2014-09-01,kr,354600
2015-06-01,kr,349400
2014-11-01,kr,347000
2016-04-01,kr,343600
2015-07-01,hu,337000
2015-08-01,cn,334000
2015-12-01,cn,326800
2015-07-01,kr,310200
2015-08-01,kr,306800
2015-10-01,cn,306300
2015-12-01,kr,302100
2015-06-01,hu,299700
2016-05-01,in,298600
2015-09-01,kr,296800
2015-08-01,ru,296300
2016-05-01,kr,293500
2016-02-01,mx,289800
2016-03-01,kr,279900
2015-09-01,us,277600
2015-12-01,br,275900
2016-01-01,kr,273800
2014-06-01,kr,272400
2016-02-01,kr,271700
2014-08-01,kr,259400
2015-05-01,hu,257000
2016-02-01,us,250400
2015-09-01,hu,248900
2014-05-01,kr,245100
2014-07-01,kr,243100
2015-10-01,us,240300
2016-05-01,mx,235900
2016-03-01,br,223800
2015-11-01,kr,202100
2014-04-01,kr,196700
2015-10-01,ru,196000
2015-09-01,cn,189800
2014-10-01,vn,184400
2015-11-01,us,182100
2015-10-01,kr,181500
2016-02-01,cn,170900
2014-09-01,vn,167800
2016-03-01,in,159600
2015-07-01,ua,158700
2015-09-01,ru,153600
2014-03-01,kr,152500
2015-10-01,id,130200
2014-02-01,kr,129400
2014-01-01,kr,129200
2015-08-01,br,126900
2015-11-01,cn,125800
2015-12-01,ru,119800
2015-08-01,id,113800
2015-07-01,id,112700
2013-09-01,pe,108700
2015-11-01,ru,108500
2015-08-01,ua,107300
2013-09-01,in,105800
2016-02-01,ru,105600
2016-05-01,ir,105100
2013-12-01,kr,103700
2015-08-01,in,102000
2015-07-01,in,99300
2015-11-01,vn,94700
2016-03-01,vn,94400
2016-01-01,ru,92600
2015-01-01,vn,89500
2016-02-01,fr,87100
2016-04-01,in,86700
2016-05-01,pe,86300
2015-07-01,br,81400
2015-07-01,tw,81000
2016-03-01,us,78300
2015-06-01,hk,78200
2013-08-01,tw,77800
2016-05-01,br,77300
2016-02-01,br,75900
2015-07-01,sg,75400
2013-09-01,ir,75200
2015-10-01,hk,74700
2015-11-01,br,74500
2015-07-01,hk,74500
2013-08-01,pe,72600
2016-01-01,cn,71600
2015-09-01,ua,70300
2014-07-01,vn,70100
2015-10-01,tw,70000
2016-05-01,tr,69600
2013-11-01,kr,69200
2013-08-01,ir,69100
2015-10-01,ua,68900
2015-09-01,id,68700
2016-04-01,vn,68500
2013-08-01,in,67700
2015-12-01,de,67600
2015-10-01,br,67200
2015-09-01,vn,66600
2013-08-01,vn,63600
2014-09-01,us,62500
2016-04-01,us,62100
2014-09-01,br,60000
2015-11-01,bo,59500
2015-08-01,de,59100
2015-08-01,vn,59000
2015-06-01,cn,58200
2015-11-01,pl,57600
2013-08-01,kr,56600
2014-09-01,ar,55200
2015-10-01,gb,55100
2016-05-01,id,54400
2015-09-01,hk,53700
2015-07-01,bd,53400
2015-12-01,in,53200
2016-05-01,co,51700
2016-05-01,ar,50800
2015-08-01,tw,50500
2014-10-01,ar,48500
2013-09-01,vn,48400
2015-08-01,gb,47500
2015-09-01,br,47400
2015-07-01,vn,47100
2015-01-01,us,47000
2016-05-01,us,46500
2014-09-01,ru,46300
2015-09-01,in,45300
2015-07-01,gb,45100
2014-09-01,xy,44900
2015-06-01,us,44800
2016-03-01,mx,44100
2013-08-01,by,44100
2015-09-01,tw,43100
2014-09-01,cn,43100
2015-07-01,co,42400
2015-08-01,ca,42100
2013-09-01,tw,41600
2013-10-01,kr,41400
2016-02-01,in,41100
2015-11-01,de,40100
2015-08-01,hk,40100
2014-11-01,us,39200
2015-12-01,ua,39000
2015-08-01,fr,38600
2015-10-01,ca,38200
2013-10-01,by,38200
2015-11-01,id,37900
2014-10-01,br,37500
2015-12-01,vn,37400
2016-01-01,ir,37100
2016-01-01,vn,36900
2015-12-01,hk,36900
2015-07-01,de,36900
2014-05-01,vn,36700
2015-08-01,bd,36600
2016-05-01,pk,36600
2013-09-01,kr,36500
2015-03-01,vn,36300
2016-01-01,fr,35800
2014-09-01,pe,35300
2016-02-01,id,35200
2015-11-01,ua,35100
2015-08-01,sg,34900
2015-11-01,sg,34900
2015-08-01,co,34800
2015-08-01,it,34700
2015-03-01,us,34200
2014-08-01,us,33800
2015-07-01,nl,33800
2014-06-01,vn,33600
2016-03-01,ru,33300
2015-08-01,pl,33200
2015-07-01,bg,33100
2015-05-01,us,33100
2014-09-01,kz,32700
2016-02-01,hk,32700
2014-09-01,in,32300
2013-10-01,ru,32100
2016-02-01,pr,32100
2015-09-01,gb,32000
2016-03-01,tr,32000
2015-09-01,fr,31900
2013-09-01,ru,31800
2013-09-01,by,31500
2015-07-01,ca,31500
2014-07-01,ru,31500
2013-08-01,ar,31400
2014-04-01,vn,31300
2015-12-01,id,31100
2015-07-01,rs,31100
2016-01-01,hk,31100
2016-01-01,ua,30800
2014-10-01,pe,30800
2015-11-01,tw,30800
2016-05-01,sa,30700
2013-09-01,ph,30700
2014-07-01,us,30500
2016-03-01,cn,30100
2016-01-01,de,29900
2014-10-01,ru,29600
2015-11-01,tr,29600
2016-02-01,tr,29400
2015-08-01,bg,29200
2015-10-01,in,29000
2015-08-01,es,28900
2014-05-01,cn,28700
2015-08-01,th,28500
2015-03-01,cn,28300
2015-06-01,ru,28200
2016-02-01,ir,27900
2015-11-01,in,27800
2014-12-01,cn,27700
2014-04-01,jp,27500
2014-09-01,co,27400
2013-08-01,ru,27300
2015-08-01,ir,27100
2015-05-01,cn,26900
2016-04-01,mx,26800
2015-08-01,mx,26800
2015-02-01,us,26800
2014-02-01,jp,26600
2015-02-01,vn,26600
2015-11-01,it,26400
2015-12-01,za,26200
2015-12-01,tw,26100
2016-02-01,ua,26000
2014-01-01,jp,25800
2014-05-01,jp,25700
2015-11-01,nl,25600
2014-12-01,us,25500
2015-01-01,ar,25500
2015-09-01,sg,25300
2016-04-01,ir,25100
2016-03-01,ir,25100
2016-03-01,id,24800
2016-01-01,in,24800
2015-01-01,br,24600
2016-01-01,br,24600
2013-09-01,kz,24400
2014-05-01,us,24400
2013-08-01,kz,24200
2014-03-01,ru,24000
2013-12-01,us,24000
2015-04-01,ru,23900
2016-05-01,tn,23900
2013-10-01,ua,23800
2014-03-01,jp,23800
2015-09-01,co,23400
2014-07-01,ar,23400
2016-01-01,tw,23200
2015-07-01,it,23100
2014-10-01,kz,23100
2016-05-01,it,23100
2015-01-01,xy,23100
2014-06-01,ru,23000
2013-10-01,jp,22900
2016-05-01,ru,22800
2013-12-01,jp,22800
2013-11-01,jp,22700
2014-10-01,us,22600
2014-06-01,cn,22600
2015-07-01,fr,22600
2014-09-01,pt,22500
2015-04-01,us,22400
2015-10-01,de,22300
2016-02-01,vn,22200
2014-03-01,tw,22000
2016-05-01,tw,21900
2014-09-01,mx,21800
2015-09-01,de,21800
2015-07-01,ir,21600
2015-09-01,ir,21600
2016-05-01,cn,21600
2014-06-01,xy,21600
2014-07-01,xy,21600
2015-11-01,ir,21600
2015-10-01,fr,21500
2013-09-01,id,21500
2015-10-01,ve,21500
2015-10-01,vn,21100
2016-05-01,es,21000
2015-07-01,pl,20900
2013-08-01,id,20900
2014-03-01,us,20700
2015-09-01,ca,20700
2013-11-01,us,20700
2014-01-01,cn,20700
2013-08-01,us,20700
2013-09-01,jp,20600
2014-09-01,ua,20500
2015-10-01,ir,20300
2014-04-01,us,20200
2015-08-01,nl,20200
2014-01-01,us,20100
2015-11-01,hk,20100
2014-04-01,ru,20000
2015-02-01,ua,20000
2015-07-01,my,20000
2013-09-01,co,19900
2013-08-01,co,19800
2014-10-01,in,19800
2016-01-01,gb,19800
2013-08-01,ua,19800
2015-12-01,gb,19600
2016-02-01,de,19400
2015-07-01,al,19400
2016-03-01,pk,19200
2015-10-01,co,19200
2014-10-01,xy,19100
2015-08-01,ve,19100
2015-07-01,ro,19100
2014-07-01,br,19000
2016-04-01,ru,19000
2014-05-01,ru,18900
2014-10-01,mx,18900
2015-03-01,jp,18900
2016-05-01,jp,18800
2016-05-01,ae,18800
2016-04-01,br,18700
2014-07-01,jp,18600
2015-03-01,ar,18600
2015-12-01,es,18500
2015-09-01,mx,18500
2014-09-01,es,18400
2015-05-01,hk,18300
2015-12-01,fr,18300
2014-10-01,co,18300
2015-11-01,gb,18300
2013-08-01,ph,18200
2015-01-01,es,18200
2015-08-01,se,18100
2015-12-01,ir,18000
2016-02-01,tw,17900
2014-06-01,us,17900
2015-11-01,ar,17800
2013-09-01,ua,17800
2016-05-01,ph,17700
2014-04-01,tw,17600
2014-11-01,cn,17600
2014-09-01,tw,17500
2013-11-01,by,17300
2015-07-01,cz,17300
2015-06-01,ua,17300
2016-05-01,ec,17100
2014-07-01,pe,16900
2014-09-01,cl,16900
2014-09-01,jp,16800
2013-09-01,th,16800
2014-05-01,xy,16800
2015-11-01,fr,16700
2016-05-01,bd,16700
2014-07-01,ua,16600
2015-07-01,pk,16500
2013-09-01,ar,16400
2014-03-01,vn,16400
2015-06-01,id,16400
2014-02-01,ru,16400
2015-08-01,rs,16400
2016-05-01,bo,16300
2016-01-01,tt,16300
2016-01-01,id,16300
2015-07-01,es,16300
2015-07-01,tr,16300
2016-05-01,hk,16100
2016-05-01,ve,16100
2013-08-01,cl,16100
2013-08-01,mx,16100
2015-11-01,ca,16000
2015-04-01,hu,16000
2015-08-01,ec,16000
2013-08-01,br,15900
2014-10-01,pt,15900
2015-09-01,th,15800
2016-01-01,pr,15700
2014-02-01,us,15700
2013-11-01,ru,15700
2016-03-01,ar,15600
2014-11-01,jp,15600
2013-10-01,in,15500
2015-11-01,es,15500
2015-09-01,pl,15500
2015-09-01,bd,15400
2015-07-01,eg,15400
2016-05-01,pl,15300
2016-04-01,pk,15300
2016-05-01,ro,15300
2016-03-01,es,15300
2014-07-01,kz,15300
2015-10-01,bg,15300
2015-11-01,ie,15200
2015-02-01,xy,15200
2015-01-01,it,15100
2015-12-01,ca,15100
2016-01-01,sk,15100
2016-05-01,th,15100
2015-07-01,se,15100
2015-11-01,dk,15100
2015-11-01,th,15000
2014-12-01,jp,14900
2015-12-01,pl,14900
2015-02-01,jp,14800
2015-10-01,be,14800
2015-07-01,ar,14800
2014-01-01,ru,14800
2015-09-01,be,14600
2014-07-01,in,14600
2014-03-01,ar,14600
2015-01-01,de,14500
2014-09-01,th,14500
2016-05-01,al,14400
2013-12-01,by,14400
2015-09-01,tr,14300
2015-11-01,co,14300
2014-10-01,cl,14200
2015-08-01,jp,14200
2014-04-01,ar,14100
2015-08-01,sa,14100
2015-09-01,it,14100
2015-01-01,kz,14000
2016-03-01,jp,14000
2014-03-01,in,14000
2014-09-01,pl,14000
2013-08-01,jp,14000
2015-09-01,bg,13900
2015-01-01,in,13900
2016-03-01,co,13700
2015-08-01,ro,13700
2014-09-01,tr,13700
2013-12-01,ru,13600
2016-02-01,jp,13600
2015-10-01,iq,13500
2015-01-01,jp,13500
2015-01-01,ua,13500
2016-03-01,it,13400
2013-10-01,tw,13400
2016-04-01,id,13400
2014-09-01,it,13300
2015-10-01,sg,13300
2015-10-01,jp,13300
2014-07-01,cn,13300
2013-08-01,th,13200
2015-09-01,ar,13200
2014-10-01,jp,13100
2015-03-01,de,13100
2014-03-01,br,13100
2015-01-01,ru,13100
2015-09-01,es,13100
2015-02-01,de,13000
2015-11-01,za,13000
2013-11-01,ua,13000
2015-08-01,al,12900
2015-07-01,jp,12900
2014-05-01,br,12800
2016-05-01,il,12800
2016-05-01,za,12700
2015-10-01,eg,12600
2014-06-01,jp,12600
2013-10-01,kz,12500
2014-10-01,ua,12500
2015-07-01,mx,12500
2014-09-01,fr,12400
2014-10-01,tw,12400
2014-02-01,ua,12300
2013-08-01,ro,12200
2015-12-01,ng,12200
2013-11-01,tw,12100
2015-06-01,de,12100
2014-09-01,ir,12100
2015-10-01,pl,12000
2015-03-01,ua,12000
2015-02-01,br,12000
2014-03-01,ua,12000
2015-12-01,tr,12000
2014-10-01,tr,12000
2014-07-01,co,12000
2014-10-01,es,11900
2014-10-01,ir,11900
2016-04-01,cn,11900
2015-01-01,tr,11800
2015-12-01,bg,11800
2014-10-01,pl,11800
2014-07-01,ir,11800
2014-05-01,tw,11800
2015-06-01,in,11800
2015-02-01,ar,11700
2015-03-01,es,11600
2015-08-01,im,11600
2014-12-01,xy,11500
2015-03-01,br,11500
2013-10-01,vn,11400
2016-02-01,gb,11400
2013-08-01,nl,11300
2015-08-01,ph,11300
2013-12-01,cn,11300
2015-07-01,iq,11100
2014-04-01,br,11100
2014-06-01,pe,11000
2014-11-01,xy,11000
2016-03-01,de,11000
2016-05-01,cl,11000
2015-05-01,nl,11000
2014-04-01,es,11000
2015-07-01,im,11000
2015-08-01,tr,10900
2014-09-01,id,10900
2014-07-01,es,10800
2014-01-01,tw,10800
2016-01-01,tr,10800
2015-06-01,br,10700
2016-04-01,tr,10700
2013-09-01,ec,10700
2013-11-01,nl,10700
2015-09-01,nl,10700
2015-07-01,ch,10700
2015-08-01,be,10600
2015-12-01,se,10600
2014-06-01,nl,10600
2016-01-01,ca,10600
2014-08-01,vn,10500
2016-05-01,de,10500
2015-03-01,it,10500
2015-10-01,hn,10500
2015-03-01,in,10400
2015-01-01,ro,10400
2016-05-01,bg,10400
2016-05-01,mk,10400
2014-06-01,ar,10400
2015-12-01,bw,10400
2016-05-01,ke,10300
2013-12-01,tw,10300
2015-07-01,th,10300
2013-09-01,br,10300
2016-02-01,pl,10300
2015-08-01,cz,10200
2015-12-01,nl,10200
2014-10-01,it,10200
2016-05-01,do,10200
2015-04-01,cn,10100
2014-01-01,nl,10100
2015-07-01,zm,10100
2014-05-01,kz,10100
2015-01-01,co,10100
2015-12-01,th,10000
2014-02-01,tw,10000
2015-02-01,it,10000
2013-10-01,us,10000
2015-07-01,ve,10000
2016-03-01,bd,10000
2013-08-01,es,9900
2015-01-01,cn,9900
2015-07-01,bo,9900
2015-08-01,at,9800
2014-04-01,in,9800
2014-09-01,ro,9700
2014-10-01,th,9700
2015-11-01,bg,9700
2015-01-01,ir,9700
2015-05-01,de,9600
2015-08-01,lv,9600
2014-06-01,ua,9600
2016-03-01,pl,9600
2015-08-01,ng,9600
2014-03-01,by,9600
2014-01-01,ua,9600
2015-01-01,mx,9500
2013-08-01,cn,9500
2015-12-01,jp,9400
2014-06-01,br,9300
2016-04-01,co,9300
2014-07-01,it,9300
2015-02-01,es,9300
2014-03-01,pe,9200
2015-10-01,bd,9200
2016-03-01,rs,9200
2015-10-01,es,9100
2015-08-01,ar,9100
2015-12-01,co,9100
2014-05-01,ar,9000
2016-05-01,rs,9000
2014-10-01,de,9000
2016-02-01,it,8900
2014-01-01,in,8900
2013-09-01,ro,8900
2013-09-01,mx,8900
2014-03-01,es,8800
2015-11-01,mx,8800
2014-09-01,il,8800
2016-05-01,my,8800
2015-08-01,kz,8800
2015-03-01,xy,8800
2016-02-01,cl,8800
2015-02-01,ro,8700
2016-02-01,ca,8700
2015-06-01,es,8700
2016-03-01,ro,8600
2015-02-01,in,8600
2016-03-01,ua,8600
2014-10-01,cn,8600
2015-03-01,mx,8600
2016-01-01,it,8500
2015-12-01,sg,8500
2016-03-01,ph,8500
2014-01-01,by,8500
2014-03-01,cn,8500
2015-10-01,zm,8500
2014-05-01,de,8500
2013-09-01,sa,8500
2016-03-01,bg,8500
2013-12-01,nl,8400
2015-01-01,cl,8400
2014-10-01,fr,8400
2014-07-01,fr,8400
2015-10-01,ie,8400
2015-07-01,ph,8400
2015-10-01,rs,8400
2015-05-01,sg,8300
2015-01-01,pl,8300
2015-10-01,th,8300
2013-12-01,ua,8300
2016-03-01,gb,8300
2014-02-01,by,8200
2016-05-01,ci,8200
2015-12-01,ar,8200
2015-04-01,jp,8200
2014-12-01,ru,8200
2014-05-01,ua,8200
2014-07-01,cl,8200
2015-12-01,eg,8200
2016-04-01,ar,8000
2013-09-01,es,8000
2015-06-01,vn,8000
2016-01-01,nl,8000
2015-12-01,mx,7900
2014-07-01,mx,7900
2013-09-01,us,7900
2015-09-01,ro,7900
2015-04-01,vn,7900
2015-07-01,au,7900
2014-11-01,ru,7900
2015-07-01,ng,7800
2014-11-01,nl,7800
2016-02-01,kz,7800
2016-04-01,pe,7800
2015-06-01,gb,7800
2015-03-01,ru,7800
2014-09-01,de,7800
2015-10-01,nl,7800
2015-06-01,nl,7700
2015-09-01,ph,7700
2013-08-01,rs,7700
2015-08-01,my,7600
2015-01-01,pt,7600
2015-11-01,cl,7600
2015-05-01,ru,7600
2014-03-01,ro,7600
2016-03-01,au,7600
2016-05-01,eg,7600
2015-06-01,it,7600
2015-09-01,ve,7600
2015-10-01,ph,7600
2015-01-01,gb,7500
2013-08-01,sa,7500
2014-09-01,sa,7500
2015-08-01,eg,7500
2014-05-01,pe,7500
2015-05-01,vn,7500
2015-12-01,it,7500
2014-07-01,tw,7400
2016-05-01,kw,7400
2015-09-01,jp,7400
2015-12-01,ro,7400
2015-08-01,au,7400
2015-10-01,im,7300
2015-01-01,bg,7300
2014-10-01,gb,7300
2014-08-01,es,7300
2016-05-01,mn,7300
2016-02-01,sg,7300
2015-12-01,rs,7300
2015-07-01,pe,7300
2014-08-01,ar,7200
2016-05-01,gb,7200
2014-10-01,il,7200
2016-05-01,lb,7100
2016-04-01,tn,7100
2015-10-01,tz,7100
2014-05-01,fr,7100
2016-03-01,tn,7100
2015-11-01,jp,7000
2015-10-01,bo,7000
2013-12-01,pt,7000
2015-08-01,cl,7000
2014-10-01,nl,6900
2016-05-01,jo,6900
2015-01-01,tw,6900
2013-08-01,pk,6900
2016-05-01,uy,6900
2015-01-01,fr,6900
2015-05-01,in,6900
2016-04-01,bd,6900
2013-08-01,it,6900
2013-12-01,de,6900
2015-12-01,dk,6900
2015-08-01,zm,6800
2016-01-01,bg,6800
2013-12-01,in,6800
2014-04-01,ua,6800
2014-07-01,id,6700
2016-02-01,co,6700
2013-11-01,cn,6700
2015-09-01,rs,6700
2014-07-01,il,6700
2014-02-01,hk,6700
2015-07-01,at,6700
2014-07-01,de,6600
2015-11-01,ph,6600
2015-10-01,ro,6600
2015-03-01,ir,6600
2013-09-01,bo,6600
2015-08-01,lu,6600
2014-10-01,id,6500
2015-04-01,ua,6500
2016-01-01,pl,6500
2014-12-01,de,6500
2015-11-01,sa,6500
2015-02-01,pl,6500
2014-10-01,ro,6500
2015-04-01,sg,6400
2015-08-01,kh,6400
2013-08-01,pl,6400
2015-06-01,fr,6400
2015-02-01,ru,6300
2013-08-01,ec,6300
2014-06-01,kz,6300
2016-03-01,cl,6300
2016-05-01,gh,6300
2014-06-01,tw,6300
2013-09-01,cl,6300
2016-03-01,ae,6200
2016-05-01,nl,6200
2014-05-01,nl,6200
2015-05-01,it,6200
2014-02-01,in,6200
2016-01-01,se,6200
2013-11-01,kz,6100
2016-03-01,hk,6100
2015-07-01,uz,6100
2015-08-01,bo,6100
2015-06-01,co,6100
2016-02-01,by,6100
2015-03-01,co,6100
2014-04-01,ro,6100
2013-08-01,ve,6100
2016-02-01,th,6100
2016-01-01,no,6100
2014-10-01,sa,6100
2015-09-01,eg,6000
2014-08-01,de,6000
2013-12-01,vn,6000
2014-08-01,br,6000
2016-01-01,es,6000
2014-04-01,kz,6000
2015-11-01,eg,6000
2014-02-01,it,6000
2015-05-01,ua,6000
2016-04-01,it,6000
2014-09-01,tn,6000
2014-06-01,es,6000
2014-07-01,by,5900
2014-07-01,tr,5900
2014-03-01,my,5900
2015-07-01,mz,5900
2015-02-01,ir,5900
2014-05-01,by,5900
2014-02-01,vn,5800
2015-03-01,tr,5800
2015-03-01,pl,5800
2015-09-01,zm,5800
2014-03-01,ir,5800
2016-04-01,de,5800
2016-02-01,eg,5800
2014-05-01,in,5800
2016-04-01,jp,5800
2014-06-01,co,5700
2014-04-01,by,5700
2014-03-01,it,5700
2015-12-01,sk,5700
2015-07-01,bw,5700
2016-03-01,iq,5700
2016-05-01,hn,5700
2015-06-01,ar,5700
2014-09-01,bg,5700
2014-04-01,cn,5700
2014-08-01,pl,5700
2014-12-01,ua,5600
2016-05-01,kh,5600
2014-04-01,it,5600
2015-01-01,pe,5600
2013-10-01,br,5600
2013-09-01,rs,5600
2016-03-01,th,5600
2014-12-01,es,5500
2014-06-01,id,5500
2015-10-01,mz,5500
2015-04-01,de,5500
2015-07-01,kz,5500
2014-05-01,co,5500
2015-05-01,ar,5500
2015-06-01,jp,5500
2016-03-01,za,5500
2015-10-01,tr,5500
2015-09-01,ie,5500
2016-02-01,bg,5500
2016-02-01,rs,5500
2015-04-01,hk,5400
2014-07-01,ro,5400
2014-08-01,it,5400
2016-03-01,bo,5400
2013-11-01,in,5400
2016-01-01,cz,5400
2015-10-01,ch,5400
2013-08-01,tr,5400
2014-06-01,it,5400
2014-01-01,hu,5400
2015-06-01,ir,5400
2016-04-01,ph,5300
2013-09-01,pl,5300
2014-03-01,de,5300
2013-09-01,pk,5300
2014-09-01,ve,5300
2014-03-01,gb,5300
2013-11-01,it,5300
2013-09-01,bg,5300
2013-09-01,it,5300
2015-11-01,ro,5300
2015-06-01,bd,5300
2015-08-01,ch,5300
2014-06-01,by,5200
2014-03-01,hk,5200
2016-02-01,es,5200
2013-11-01,de,5200
2015-01-01,hk,5200
2015-08-01,gt,5200
2015-12-01,cl,5200
2015-10-01,al,5200
2013-08-01,mk,5200
2014-06-01,hk,5200
2014-01-01,hk,5200
2015-11-01,ng,5100
2014-03-01,kz,5100
2014-12-01,it,5100
2015-01-01,th,5100
2015-08-01,no,5100
2014-03-01,il,5100
2015-07-01,md,5100
2015-01-01,id,5100
2016-01-01,by,5100
2016-01-01,co,5100
2015-02-01,mx,5000
2015-10-01,mx,5000
2014-09-01,ec,5000
2014-09-01,hu,5000
2015-12-01,sr,5000
2014-02-01,de,5000
2014-09-01,ph,5000
2015-10-01,mg,4900
2013-08-01,de,4900
2014-06-01,de,4900
2013-11-01,vn,4900
2015-07-01,by,4900
2015-12-01,ch,4900
2014-12-01,ar,4900
2015-03-01,ro,4900
2015-04-01,nl,4900
2016-02-01,no,4900
2015-06-01,bg,4900
2015-05-01,es,4900
2016-05-01,pt,4800
2013-08-01,bg,4800
2016-05-01,kz,4800
2016-05-01,gr,4800
2014-04-01,ie,4800
2015-02-01,tr,4800
2013-10-01,ir,4800
2014-12-01,vn,4800
2016-01-01,eg,4800
2013-11-01,br,4800
2015-01-01,il,4800
2014-05-01,es,4800
2014-08-01,mx,4700
2015-02-01,tw,4700
2015-03-01,bg,4700
2015-03-01,gb,4700
2016-03-01,al,4700
2015-09-01,lt,4700
2014-02-01,nl,4700
2015-01-01,nl,4700
2016-02-01,pk,4700
2015-10-01,it,4700
2016-01-01,ch,4700
2013-11-01,id,4700
2013-08-01,my,4700
2013-11-01,gb,4700
2015-11-01,au,4600
2013-08-01,il,4600
2015-11-01,pk,4600
2014-03-01,co,4600
2014-01-01,fr,4600
2013-08-01,ca,4600
2013-08-01,sd,4600
2014-01-01,it,4600
2014-10-01,ph,4600
2014-11-01,fr,4600
2015-03-01,cl,4600
2015-12-01,no,4600
2013-09-01,cn,4600
2015-12-01,ve,4500
2015-04-01,es,4500
2016-04-01,hk,4500
2014-04-01,fr,4500
2014-06-01,in,4500
2014-07-01,pl,4500
2014-05-01,tr,4500
2014-05-01,hk,4500
2014-06-01,cl,4500
2014-05-01,ca,4500
2016-04-01,gb,4500
2015-02-01,kz,4500
2014-06-01,mx,4400
2014-09-01,au,4400
2014-03-01,nl,4400
2014-10-01,au,4400
2016-03-01,ke,4400
2014-08-01,ir,4400
2015-11-01,kz,4400
2014-01-01,de,4400
2015-09-01,bo,4400
2014-03-01,mx,4400
2016-04-01,ua,4400
2016-03-01,sa,4400
2014-01-01,vn,4400
2013-08-01,gb,4400
2015-08-01,ke,4300
2014-08-01,mn,4300
2014-02-01,pl,4300
2014-02-01,cn,4300
2014-01-01,es,4300
2015-09-01,pt,4300
2016-04-01,ro,4300
2014-06-01,fr,4300
2016-05-01,ua,4300
2014-08-01,bg,4300
2013-10-01,ca,4300
2015-08-01,md,4300
2016-05-01,ng,4300
2013-12-01,kz,4300
2016-05-01,ps,4200
2014-05-01,it,4200
2014-10-01,my,4200
2013-12-01,hk,4200
2016-02-01,at,4200
2015-07-01,ge,4200
2014-05-01,ir,4200
2013-10-01,nl,4200
2013-10-01,it,4200
2014-06-01,ir,4200
2015-11-01,il,4200
2015-04-01,in,4200
2014-04-01,pe,4200
2015-02-01,bg,4200
2016-03-01,ec,4100
2016-05-01,iq,4100
2016-03-01,ve,4100
2015-04-01,xy,4100
2015-07-01,cl,4100
2014-04-01,nl,4100
2015-12-01,al,4100
2015-03-01,tw,4100
2016-05-01,gt,4100
2016-05-01,sn,4100
2014-12-01,br,4100
2016-04-01,ae,4100
2016-02-01,bo,4100
2015-04-01,fr,4100
2016-05-01,fr,4100
2014-02-01,es,4000
2016-01-01,jp,4000
2014-08-01,ru,4000
2015-08-01,dk,4000
2016-01-01,ro,4000
2014-02-01,kz,4000
2014-07-01,bg,4000
2016-03-01,ca,4000
2015-06-01,ro,4000
2013-10-01,pe,4000
2016-03-01,pe,4000
2014-04-01,il,4000
2015-03-01,fr,4000
2014-09-01,uy,4000
2015-09-01,at,3900
2015-03-01,il,3900
2014-09-01,kg,3900
2014-08-01,jp,3900
2015-12-01,iq,3900
2016-04-01,ec,3900
2015-12-01,zm,3900
2015-05-01,ro,3900
2016-04-01,th,3900
2014-10-01,tn,3900
2014-10-01,hu,3900
2015-09-01,iq,3900
2015-03-01,kz,3800
2014-05-01,th,3800
2014-05-01,pl,3800
2015-11-01,md,3800
2015-09-01,kz,3800
2016-05-01,cm,3800
2014-03-01,bg,3800
2016-03-01,pt,3800
2014-09-01,sg,3800
2015-08-01,za,3800
2015-05-01,tw,3800
2015-12-01,pk,3800
2014-04-01,ir,3800
2015-12-01,kz,3800
2014-06-01,pl,3800
2014-03-01,pl,3800
2014-07-01,nl,3800
2015-08-01,jm,3800
2016-05-01,pa,3800
2015-07-01,il,3800
2015-09-01,im,3700
2014-10-01,ae,3700
2014-09-01,nl,3700
2016-02-01,tt,3700
2016-05-01,dz,3700
2015-01-01,za,3700
2015-09-01,il,3700
2015-02-01,co,3700
2016-02-01,bd,3700
2014-07-01,gb,3700
2015-06-01,tw,3700
2016-02-01,hn,3700
2014-02-01,ar,3700
2014-11-01,de,3600
2016-03-01,il,3600
2016-03-01,nl,3600
2013-09-01,gb,3600
2016-03-01,bw,3600
2015-12-01,bo,3600
2016-01-01,ph,3600
2014-05-01,mn,3600
2015-06-01,mx,3600
2015-01-01,sa,3600
2015-03-01,pe,3600
2014-10-01,uy,3600
2015-07-01,dk,3600
2014-03-01,rs,3600
2014-03-01,fr,3600
2015-12-01,bd,3600
2015-09-01,au,3600
2015-04-01,it,3600
2013-10-01,cn,3600
2016-02-01,nl,3500
2014-09-01,my,3500
2014-08-01,gb,3500
2015-06-01,rs,3500
2016-04-01,es,3500
2015-11-01,ec,3500
2014-07-01,sa,3500
2015-09-01,al,3500
2015-11-01,im,3500
2015-05-01,br,3500
2015-10-01,sk,3500
2015-03-01,sa,3500
2015-09-01,cl,3500
2013-11-01,hk,3400
2015-12-01,sa,3400
2015-08-01,ge,3400
2013-10-01,id,3400
2015-06-01,ve,3400
2013-10-01,ro,3400
2015-06-01,pl,3400
2014-05-01,gb,3400
2014-09-01,by,3400
2015-04-01,ma,3400
2013-11-01,tr,3400
2016-02-01,ph,3400
2015-07-01,pt,3400
2016-05-01,et,3400
2015-08-01,by,3400
2015-02-01,pt,3400
2015-07-01,pa,3400
2016-04-01,al,3400
2013-08-01,za,3400
2014-10-01,ca,3400
2013-09-01,sd,3300
2015-01-01,au,3300
2014-04-01,mn,3300
2014-09-01,ae,3300
2016-04-01,pl,3300
2014-05-01,il,3300
2014-06-01,tr,3300
2014-04-01,gb,3300
2014-04-01,de,3300
2015-08-01,pt,3300
2013-11-01,es,3300
2015-07-01,cr,3300
2014-09-01,gb,3300
2016-04-01,bo,3300
2015-07-01,no,3300
2015-10-01,cm,3200
2013-11-01,sg,3200
2016-01-01,ar,3200
2016-02-01,ro,3200
2015-02-01,gb,3200
2015-05-01,jp,3200
2014-01-01,kz,3200
2014-01-01,pl,3200
2013-12-01,fr,3200
2014-05-01,tn,3100
2013-10-01,bg,3100
2016-05-01,ca,3100
2013-08-01,ao,3100
2013-10-01,pl,3100
2015-06-01,ch,3100
2014-07-01,pt,3100
2015-10-01,ee,3100
2015-02-01,il,3100
2014-05-01,ro,3100
2016-02-01,se,3100
2013-10-01,mx,3100
2015-08-01,mz,3100
2015-05-01,gb,3100
2016-05-01,cr,3100
2014-02-01,br,3000
2015-04-01,ir,3000
2014-04-01,mx,3000
2016-02-01,pe,3000
2015-02-01,cn,3000
2015-09-01,my,3000
2013-08-01,gh,3000
2014-08-01,cn,3000
2016-04-01,bg,3000
2016-02-01,ve,3000
2014-10-01,cz,3000
2016-03-01,mn,3000
2014-10-01,ve,3000
2016-05-01,sd,3000
2016-04-01,ve,3000
2014-10-01,bg,3000
2013-08-01,fr,3000
2016-03-01,fr,3000
2015-09-01,za,3000
2015-08-01,am,3000
2015-10-01,by,3000
2016-02-01,ar,3000
2015-05-01,ir,2900
2015-09-01,pe,2900
2013-08-01,do,2900
2015-12-01,at,2900
2013-09-01,de,2900
2014-10-01,gr,2900
2016-03-01,gh,2900
2014-10-01,ec,2900
2013-12-01,ma,2900
2016-01-01,at,2900
2013-09-01,il,2900
2015-01-01,my,2900
2015-05-01,pl,2900
2014-05-01,id,2900
2014-07-01,tn,2900
2016-05-01,sg,2900
2016-03-01,tw,2900
2013-08-01,bo,2900
2015-12-01,ph,2900
2016-01-01,bd,2900
2015-08-01,ag,2900
2013-12-01,it,2900
2013-09-01,mk,2900
2014-11-01,it,2800
2015-06-01,ca,2800
2015-04-01,ar,2800
2013-11-01,mx,2800
2014-10-01,kg,2800
2016-05-01,np,2800
2015-11-01,ch,2800
2016-01-01,tz,2800
2016-03-01,mk,2800
2015-08-01,il,2800
2013-11-01,ar,2800
2014-04-01,co,2800
2015-07-01,ec,2800
2015-05-01,fr,2800
2016-03-01,lb,2800
2015-09-01,cz,2800
2014-04-01,tr,2800
2014-08-01,ro,2800
2016-05-01,au,2800
2015-11-01,pe,2800
2013-09-01,ve,2800
2016-03-01,my,2800
2016-04-01,sa,2800
2016-02-01,ch,2800
2014-01-01,id,2800
2013-09-01,ly,2800
2014-06-01,au,2800
2015-08-01,si,2800
2014-05-01,au,2700
2015-03-01,pt,2700
2014-11-01,ua,2700
2015-05-01,bg,2700
2015-08-01,lt,2700
2015-07-01,ke,2700
2014-02-01,ro,2700
2016-04-01,nl,2700
2015-02-01,fr,2700
2013-09-01,tr,2700
2015-03-01,id,2700
2016-05-01,sy,2700
2015-02-01,sa,2700
2015-08-01,sk,2700
2013-12-01,es,2700
2014-06-01,pt,2700
2015-07-01,sk,2700
2014-09-01,cz,2700
2014-12-01,sa,2700
2015-09-01,ng,2700
2014-01-01,th,2700
2015-10-01,cz,2600
2013-12-01,id,2600
2016-04-01,sg,2600
2013-12-01,pl,2600
2013-11-01,az,2600
2014-02-01,gb,2600
2014-08-01,kz,2600
2016-01-01,pk,2600
2016-01-01,bw,2600
2016-05-01,ao,2600
2015-02-01,ca,2600
2015-01-01,ph,2600
2016-04-01,tw,2600
2016-04-01,ke,2600
2014-09-01,ma,2600
2015-07-01,ht,2600
2015-12-01,my,2600
2016-04-01,my,2600
2015-04-01,tr,2500
2014-08-01,co,2500
2015-07-01,gr,2500
2015-06-01,tr,2500
2015-10-01,bw,2500
2016-03-01,cz,2500
2015-08-01,nz,2500
2016-01-01,pe,2500
2014-08-01,in,2500
2016-03-01,ci,2500
2015-02-01,cl,2500
2013-10-01,ar,2500
2016-02-01,al,2500
2015-01-01,rs,2500
2016-02-01,sk,2500
2013-08-01,iq,2500
2016-03-01,kh,2500
2014-02-01,sg,2500
2014-05-01,sa,2500
2015-05-01,id,2500
2015-09-01,ch,2500
2014-12-01,gb,2500
2013-08-01,sg,2500
2016-01-01,iq,2400
2015-07-01,lv,2400
2015-11-01,pt,2400
2015-11-01,,2400
2014-04-01,pt,2400
2013-08-01,kw,2400
2015-06-01,th,2400
2015-01-01,gr,2400
2013-09-01,bd,2400
2015-10-01,md,2400
2014-09-01,az,2400
2014-03-01,ie,2400
2015-05-01,mx,2400
2014-10-01,rs,2400
2014-02-01,tr,2400
2014-07-01,th,2400
2016-05-01,hr,2400
2015-01-01,ca,2400
2014-01-01,my,2400
2016-01-01,hn,2400
2013-08-01,gr,2400
2014-09-01,rs,2400
2014-07-01,ec,2400
2016-04-01,za,2400
2013-09-01,za,2400
2015-04-01,br,2400
2014-12-01,fr,2400
2015-07-01,si,2400
2014-09-01,za,2400
2013-11-01,pe,2400
2014-07-01,be,2300
2016-05-01,sv,2300
2014-04-01,pl,2300
2014-06-01,bg,2300
2015-02-01,id,2300
2015-12-01,tz,2300
2015-09-01,pk,2300
2015-11-01,se,2300
2015-04-01,mx,2300
2013-10-01,es,2300
2013-09-01,ao,2300
2016-02-01,zm,2300
2015-08-01,ly,2300
2015-04-01,kz,2300
2013-11-01,pt,2300
2016-03-01,lt,2300
2015-12-01,ht,2300
2013-11-01,fr,2300
2014-10-01,sg,2300
2016-05-01,ma,2300
2015-02-01,hk,2300
2015-03-01,rs,2300
2014-04-01,id,2300
2014-01-01,mx,2300
2016-03-01,sg,2300
2015-10-01,kh,2300
2015-01-01,at,2300
2014-03-01,tr,2200
2016-04-01,rs,2200
2014-06-01,ro,2200
2016-02-01,za,2200
2016-03-01,eg,2200
2013-11-01,pl,2200
2016-04-01,il,2200
2016-05-01,ie,2200
2015-02-01,by,2200
2014-05-01,mx,2200
2014-10-01,se,2200
2016-05-01,ly,2200
2014-05-01,pt,2200
2014-10-01,za,2200
2014-12-01,ir,2200
2016-05-01,ug,2200
2014-04-01,ca,2200
2015-08-01,pa,2200
2014-01-01,sg,2200
2015-01-01,uy,2200
2015-06-01,sg,2200
2014-11-01,il,2200
2014-08-01,id,2200
2014-02-01,pe,2200
2015-09-01,jm,2200
2015-11-01,cz,2200
2015-06-01,ec,2100
2014-09-01,am,2100
2014-07-01,ma,2100
2013-12-01,ir,2100
2016-01-01,zm,2100
2014-01-01,gb,2100
2015-09-01,mz,2100
2014-03-01,id,2100
2015-06-01,cl,2100
2014-09-01,gr,2100
2016-03-01,uy,2100
2015-06-01,my,2100
2015-11-01,rs,2100
2013-09-01,al,2100
2015-08-01,pr,2100
2016-02-01,lt,2100
2014-08-01,fr,2100
2015-07-01,sa,2100
2015-02-01,gr,2100
2013-09-01,kw,2100
2014-01-01,ar,2100
2014-04-01,bg,2100
2013-08-01,rw,2100
2014-11-01,vn,2100
2015-12-01,mw,2100
2016-01-01,th,2100
2013-12-01,pe,2100
2015-04-01,ro,2100
2015-09-01,dk,2100
2014-06-01,gb,2100
2014-04-01,cl,2000
2013-10-01,gb,2000
2013-12-01,ro,2000
2016-03-01,sk,2000
2015-12-01,cz,2000
2013-08-01,al,2000
2015-12-01,pe,2000
2014-01-01,ca,2000
2015-11-01,no,2000
2014-08-01,th,2000
2014-12-01,pl,2000
2014-08-01,nz,2000
2014-06-01,sa,2000
2013-10-01,co,2000
2014-03-01,cl,2000
2013-08-01,uy,2000
2014-01-01,il,2000
2015-01-01,cz,2000
2015-11-01,by,2000
2016-05-01,lk,2000
2016-04-01,mk,2000
2013-09-01,my,2000
2015-04-01,pl,2000
2014-06-01,il,2000
2014-10-01,mn,2000
2015-12-01,im,1900
2016-05-01,me,1900
2013-10-01,hk,1900
2015-04-01,co,1900
2014-01-01,tr,1900
2013-08-01,am,1900
2014-05-01,my,1900
2014-02-01,fr,1900
2015-05-01,cz,1900
2015-04-01,gb,1900
2014-07-01,my,1900
2016-05-01,ba,1900
2013-12-01,gb,1900
2015-09-01,se,1900
2015-09-01,lv,1900
2015-03-01,au,1900
2015-09-01,no,1900
2015-12-01,am,1900
2013-08-01,bd,1900
2015-08-01,pe,1900
2016-04-01,mn,1900
2014-11-01,pl,1900
2016-04-01,se,1900
2014-09-01,ca,1900
2014-04-01,ph,1800
2015-10-01,at,1800
2016-03-01,no,1800
2016-01-01,sg,1800
2015-08-01,ie,1800
2013-08-01,dz,1800
2013-11-01,ir,1800
2013-09-01,ca,1800
2014-11-01,gb,1800
2014-03-01,au,1800
2013-09-01,gr,1800
2015-08-01,tj,1800
2014-08-01,ca,1800
2014-03-01,th,1800
2013-08-01,ly,1800
2016-04-01,ci,1800
2015-09-01,sa,1800
2016-01-01,cl,1800
2013-11-01,th,1800
2014-10-01,bo,1800
2014-09-01,jo,1800
2014-09-01,mn,1800
2015-03-01,th,1800
2014-06-01,tn,1800
2016-02-01,cz,1800
2014-09-01,pk,1800
2013-12-01,br,1800
2014-07-01,at,1800
2014-08-01,cl,1800
2016-03-01,ps,1800
2015-07-01,gt,1800
2016-04-01,cl,1800
2016-05-01,tz,1700
2016-04-01,et,1700
2015-10-01,pk,1700
2016-03-01,et,1700
2016-04-01,do,1700
2015-08-01,iq,1700
2014-07-01,au,1700
2014-11-01,ca,1700
2015-05-01,co,1700
2015-11-01,si,1700
2013-10-01,sg,1700
2014-12-01,ro,1700
2014-05-01,ma,1700
2014-05-01,dz,1700
2014-08-01,ch,1700
2015-01-01,hu,1700
2016-02-01,bw,1700
2013-11-01,ro,1700
2013-08-01,az,1700
2014-08-01,il,1700
2014-08-01,xy,1700
2014-12-01,bg,1700
2015-01-01,be,1700
2015-11-01,be,1700
2016-02-01,re,1700
2014-02-01,mn,1700
2016-01-01,za,1700
2015-03-01,ve,1700
2016-03-01,qa,1700
2014-02-01,bg,1700
2016-02-01,ae,1700
2015-11-01,at,1600
2016-01-01,al,1600
2016-05-01,bh,1600
2015-06-01,cz,1600
2016-05-01,mu,1600
2014-09-01,kw,1600
2014-12-01,in,1600
2015-10-01,dk,1600
2014-02-01,ir,1600
2016-03-01,gr,1600
2016-03-01,ng,1600
2015-03-01,ca,1600
2013-10-01,sa,1600
2013-09-01,do,1600
2015-01-01,sg,1600
2015-09-01,tj,1600
2016-04-01,kh,1600
2015-11-01,zm,1600
2013-11-01,au,1600
2015-02-01,rs,1600
2013-11-01,cl,1600
2014-02-01,cz,1600
2013-08-01,kh,1600
2014-05-01,si,1600
2016-02-01,mk,1600
2015-11-01,ve,1600
2014-01-01,br,1600
2013-09-01,tn,1600
2014-08-01,pt,1600
2014-04-01,sa,1600
2014-12-01,kz,1600
2014-06-01,se,1600
2014-07-01,az,1600
2013-08-01,mn,1600
2013-10-01,de,1600
2014-03-01,mn,1600
2016-01-01,tn,1600
2015-06-01,eg,1500
2014-12-01,tw,1500
2014-06-01,ca,1500
2015-12-01,au,1500
2014-10-01,ch,1500
2013-09-01,ng,1500
2015-02-01,th,1500
2014-08-01,tr,1500
2015-11-01,bw,1500
2015-07-01,lt,1500
2015-06-01,kz,1500
2015-05-01,ie,1500
2016-04-01,no,1500
2013-09-01,iq,1500
2014-04-01,bd,1500
2013-11-01,ca,1500
2015-07-01,kh,1500
2014-12-01,il,1500
2014-05-01,ph,1500
2013-08-01,ma,1500
2014-10-01,ma,1500
2015-02-01,cz,1500
2013-12-01,th,1500
2015-04-01,by,1500
2013-09-01,ma,1500
2014-10-01,sk,1500
2014-10-01,al,1500
2015-03-01,za,1500
2016-05-01,qa,1500
2015-06-01,il,1500
2015-12-01,ae,1500
2014-02-01,co,1500
2014-07-01,ph,1500
2016-05-01,se,1500
2015-06-01,bw,1500
2013-08-01,tn,1500
2014-01-01,bg,1500
2013-09-01,hk,1500
2013-11-01,co,1500
2014-01-01,ro,1500
2016-05-01,zw,1500
2013-11-01,il,1500
2013-12-01,my,1500
2013-12-01,sg,1500
2014-12-01,cz,1500
2016-02-01,sa,1500
2015-08-01,ci,1500
2016-03-01,rw,1500
2015-05-01,kz,1500
2016-04-01,sk,1500
2013-11-01,sa,1500
2015-03-01,gr,1400
2014-06-01,th,1400
2014-08-01,nl,1400
2015-06-01,gr,1400
2013-11-01,ph,1400
2014-08-01,ua,1400
2015-07-01,uy,1400
2014-07-01,rs,1400
2014-09-01,al,1400
2013-08-01,pt,1400
2013-09-01,ae,1400
2014-03-01,nz,1400
2014-01-01,ir,1400
2015-06-01,ng,1400
2015-01-01,ve,1400
2016-04-01,ca,1400
2013-09-01,ge,1400
2014-02-01,th,1400
2015-03-01,my,1400
2016-03-01,tg,1400
2014-07-01,ly,1400
2014-03-01,mk,1400
2013-12-01,tr,1400
2016-03-01,tz,1400
2016-01-01,lv,1400
2014-12-01,mx,1400
2014-06-01,at,1400
2013-10-01,ph,1400
2016-04-01,iq,1400
2015-08-01,cr,1400
2016-04-01,dz,1400
2013-08-01,ae,1400
2015-04-01,cl,1400
2014-10-01,az,1400
2013-12-01,rs,1400
2014-07-01,dz,1400
2015-03-01,ae,1400
2015-02-01,at,1400
2016-05-01,cy,1400
2016-01-01,my,1400
2014-06-01,am,1400
2014-03-01,sa,1400
2015-09-01,ec,1400
2014-03-01,ph,1300
2014-02-01,my,1300
2016-01-01,ae,1300
2016-02-01,pt,1300
2013-12-01,cl,1300
2014-10-01,be,1300
2016-03-01,ao,1300
2014-07-01,kg,1300
2015-06-01,bo,1300
2014-08-01,cz,1300
2014-05-01,at,1300
2013-12-01,ar,1300
2014-03-01,hr,1300
2015-07-01,pr,1300
2015-03-01,am,1300
2016-04-01,kz,1300
2014-07-01,uy,1300
2014-09-01,iq,1300
2014-04-01,ec,1300
2014-01-01,rs,1300
2014-10-01,hn,1300
2014-09-01,hk,1300
2014-07-01,bd,1300
2015-11-01,bd,1300
2016-04-01,ng,1300
2013-08-01,jo,1300
2015-01-01,tn,1300
2013-12-01,mx,1300
2016-03-01,pr,1300
2015-05-01,ca,1300
2016-02-01,im,1300
2016-04-01,,1300
2016-03-01,xy,1300
2015-10-01,se,1300
2014-01-01,ie,1300
2016-01-01,kz,1300
2014-12-01,co,1300
2013-10-01,tr,1300
2013-09-01,kg,1300
2015-01-01,by,1300
2016-05-01,zm,1300
2013-10-01,il,1300
2015-11-01,my,1300
2014-05-01,za,1300
2015-02-01,za,1300
2015-06-01,im,1300
2015-11-01,mw,1300
2016-02-01,il,1300
2014-01-01,cz,1300
2016-05-01,ni,1300
2014-03-01,tn,1300
2015-02-01,ph,1300
2016-02-01,ec,1300
2015-04-01,bg,1300
2015-08-01,vi,1300
2016-05-01,fj,1200
2015-07-01,be,1200
2013-09-01,uy,1200
2016-05-01,no,1200
2014-09-01,pa,1200
2016-01-01,au,1200
2014-12-01,tr,1200
2015-06-01,iq,1200
2014-06-01,ve,1200
2014-02-01,rs,1200
2016-04-01,eg,1200
2015-03-01,tn,1200
2014-10-01,iq,1200
2013-09-01,sg,1200
2015-12-01,il,1200
2014-09-01,lt,1200
2014-07-01,mk,1200
2014-05-01,cl,1200
2015-02-01,au,1200
2015-06-01,uy,1200
2014-11-01,es,1200
2015-07-01,jm,1200
2015-06-01,at,1200
2015-05-01,tr,1200
2014-12-01,cl,1200
2013-09-01,am,1200
2014-03-01,gr,1200
2013-08-01,lb,1200
2016-02-01,ke,1200
2013-09-01,mn,1200
2014-02-01,mx,1200
2016-02-01,kh,1200
2015-03-01,cz,1200
2016-05-01,rw,1200
2014-08-01,hk,1200
2013-08-01,au,1200
2013-11-01,ie,1200
2014-04-01,at,1200
2013-09-01,kh,1200
2016-03-01,np,1200
2016-05-01,ga,1200
2014-11-01,in,1200
2013-12-01,sa,1200
2014-07-01,lt,1200
2014-05-01,ec,1200
2014-04-01,rs,1200
2013-12-01,il,1200
2014-06-01,my,1200
2014-09-01,tt,1200
2016-05-01,mr,1200
2013-10-01,az,1200
2016-05-01,at,1200
2014-09-01,uz,1200
2015-03-01,by,1200
2015-05-01,gr,1200
2014-11-01,br,1200
2014-04-01,my,1200
2014-09-01,ao,1200
2015-08-01,cy,1200
2015-08-01,bm,1200
2015-01-01,ch,1200
2016-03-01,se,1200
2014-07-01,za,1100
2015-08-01,nc,1100
2015-10-01,kw,1100
2013-10-01,pk,1100
2014-02-01,id,1100
2015-08-01,hn,1100
2015-03-01,nl,1100
2014-11-01,tr,1100
2014-07-01,cz,1100
2013-12-01,bg,1100
2014-07-01,ve,1100
2013-09-01,fr,1100
2015-10-01,ar,1100
2014-04-01,th,1100
2016-01-01,lt,1100
2013-10-01,rs,1100
2015-11-01,iq,1100
2016-03-01,cr,1100
2014-10-01,am,1100
2014-04-01,gr,1100
2015-11-01,pa,1100
2016-04-01,jo,1100
2013-12-01,ca,1100
2013-08-01,ke,1100
2013-08-01,hk,1100
2015-08-01,py,1100
2016-03-01,at,1100
2014-09-01,mk,1100
2015-12-01,lv,1100
2015-10-01,no,1100
2014-03-01,sg,1100
2014-05-01,md,1100
2015-04-01,il,1100
2015-02-01,pe,1100
2015-04-01,id,1100
2013-08-01,lk,1100
2015-01-01,ae,1100
2016-02-01,ps,1100
2014-09-01,be,1100
2014-10-01,pa,1100
2016-02-01,my,1100
2014-06-01,ma,1100
2016-02-01,au,1100
2016-03-01,ht,1100
2014-07-01,ae,1100
2014-06-01,dk,1100
2015-09-01,pr,1100
2014-05-01,cz,1100
2015-12-01,lu,1100
2014-06-01,md,1100
2015-06-01,al,1100
2015-11-01,ae,1100
2014-11-01,sg,1100
2015-01-01,se,1100
2016-03-01,do,1100
2014-07-01,ch,1000
2014-02-01,pt,1000
2015-07-01,za,1000
2015-12-01,lt,1000
2016-02-01,lb,1000
2015-09-01,am,1000
2015-12-01,ec,1000
2015-04-01,rs,1000
2015-12-01,mn,1000
2013-08-01,ps,1000
2014-10-01,lt,1000
2016-04-01,pt,1000
2016-04-01,lb,1000
2013-12-01,ve,1000
2015-01-01,ec,1000
2013-10-01,fr,1000
2016-05-01,tg,1000
2014-04-01,sg,1000
2014-11-01,kz,1000
2014-06-01,lv,1000
2014-06-01,rs,1000
2015-03-01,sv,1000
2014-06-01,ec,1000
2014-09-01,at,1000
2016-04-01,lk,1000
2016-04-01,cm,1000
2016-04-01,cz,1000
2015-01-01,lt,1000
2016-05-01,si,1000
2015-09-01,kw,1000
2013-11-01,gr,1000
2015-04-01,th,1000
2014-06-01,al,1000
2013-08-01,ng,1000
2014-07-01,pa,1000
2015-05-01,ve,1000
2014-09-01,do,1000
2016-05-01,xy,1000
2013-09-01,az,1000
2014-12-01,hu,1000
2014-09-01,ly,1000
2015-05-01,sa,1000
2014-12-01,ca,1000
2015-08-01,az,1000
2015-08-01,tg,1000
2014-05-01,az,1000
2016-04-01,qa,1000
2015-05-01,at,1000
2015-12-01,hn,1000
2013-11-01,rs,1000
2016-05-01,be,1000
2016-03-01,bq,1000
2015-09-01,nz,1000
2014-07-01,dk,1000
2014-09-01,bo,1000
2015-05-01,ch,1000
2014-10-01,pk,1000
2015-05-01,mz,1000
2016-02-01,tn,1000
2014-06-01,be,1000
2014-07-01,gr,1000
2013-08-01,kg,1000
2015-08-01,ps,1000
2015-08-01,kg,1000
2014-02-01,ca,1000
2014-09-01,lk,1000
2016-02-01,mn,1000
2016-04-01,gh,1000
2016-05-01,mm,1000
2014-07-01,al,1000
2014-01-01,nz,1000
2015-05-01,cl,1000
2015-04-01,pt,1000
2014-02-01,cl,1000
2015-08-01,fi,900
2015-05-01,rs,900
2016-01-01,sa,900
2014-04-01,ly,900
2014-04-01,au,900
2016-04-01,gr,900
2014-09-01,gt,900
2016-05-01,ml,900
2014-03-01,cz,900
2016-04-01,kw,900
2015-06-01,dk,900
2016-03-01,zm,900
2015-12-01,ke,900
2014-05-01,dk,900
2014-01-01,pe,900
2016-04-01,uy,900
2015-07-01,am,900
2015-10-01,cl,900
2016-03-01,bh,900
2015-10-01,au,900
2015-11-01,sc,900
2015-08-01,ma,900
2015-09-01,sk,900
2013-08-01,na,900
2015-07-01,ie,900
2014-10-01,do,900
2014-08-01,tw,900
2015-02-01,lt,900
2013-08-01,nz,900
2013-08-01,mu,900
2013-08-01,ga,900
2014-05-01,bg,900
2014-07-01,ie,900
2016-05-01,md,900
2014-04-01,hk,900
2014-09-01,ie,900
2013-10-01,cl,900
2015-08-01,pk,900
2013-08-01,ba,900
2016-02-01,ie,900
2016-01-01,mn,900
2013-09-01,gh,900
2015-06-01,pe,900
2015-10-01,za,900
2014-03-01,pt,900
2015-02-01,uy,900
2014-07-01,uz,900
2014-03-01,ma,900
2015-03-01,be,900
2016-05-01,mz,900
2013-12-01,co,900
2016-02-01,be,900
2015-09-01,tn,900
2014-06-01,gr,900
2015-07-01,ee,900
2016-03-01,hn,900
2015-01-01,lv,900
2016-03-01,ch,900
2014-05-01,gr,900
2014-01-01,co,900
2014-12-01,by,900
2014-07-01,sg,900
2015-09-01,by,900
2014-03-01,al,900
2014-06-01,cz,900
2014-03-01,am,900
2014-07-01,hk,900
2013-10-01,gr,900
2013-09-01,rw,900
2016-03-01,hr,900
2015-05-01,pe,900
2015-03-01,ec,900
2014-01-01,se,900
2014-11-01,at,900
2016-03-01,me,900
2016-03-01,kw,900
2014-12-01,rs,900
2014-07-01,md,900
2014-05-01,be,900
2014-12-01,gr,900
2015-06-01,lv,900
2014-09-01,ch,900
2016-05-01,lt,900
2015-01-01,pk,900
2015-02-01,nl,900
2014-09-01,hr,900
2014-08-01,jo,900
2015-06-01,kg,900
2015-06-01,zm,800
2015-06-01,pt,800
2015-09-01,gr,800
2014-07-01,ca,800
2015-01-01,lb,800
2014-04-01,kg,800
2015-01-01,mk,800
2015-08-01,mk,800
2015-03-01,dk,800
2014-05-01,sg,800
2015-10-01,kz,800
2016-01-01,md,800
2015-01-01,cr,800
2015-03-01,cr,800
2016-03-01,ba,800
2014-09-01,cr,800
2015-05-01,th,800
2016-03-01,lk,800
2014-04-01,za,800
2014-08-01,pe,800
2014-03-01,ch,800
2013-12-01,ao,800
2015-05-01,by,800
2013-10-01,th,800
2015-06-01,tz,800
2014-03-01,kg,800
2015-01-01,ie,800
2015-08-01,bw,800
2016-04-01,md,800
2013-10-01,lk,800
2014-05-01,uy,800
2015-01-01,no,800
2016-04-01,ps,800
2014-07-01,kw,800
2015-01-01,pr,800
2013-10-01,ma,800
2013-08-01,at,800
2014-02-01,dz,800
2015-01-01,hr,800
2015-12-01,ie,800
2014-12-01,pe,800
2014-10-01,mk,800
2014-03-01,kw,800
2016-02-01,gh,800
2015-03-01,no,800
2015-02-01,ma,800
2016-05-01,dk,800
2014-10-01,kw,800
2014-02-01,il,800
2015-07-01,mn,800
2016-04-01,ma,800
2013-08-01,tz,800
2015-05-01,ec,800
2016-04-01,hr,800
2016-01-01,ke,800
2014-09-01,kh,800
2015-09-01,cw,800
2013-10-01,tn,800
2014-01-01,gr,800
2013-08-01,ie,800
2013-10-01,ec,800
2014-03-01,lk,800
2015-03-01,sg,800
2015-10-01,il,800
2016-02-01,ng,800
2015-03-01,ch,800
2014-08-01,au,800
2014-11-01,ar,800
2013-08-01,pa,800
2014-01-01,ae,800
2015-07-01,hr,800
2014-03-01,az,800
2016-03-01,sn,800
2013-08-01,cz,800
2016-01-01,re,800
2014-11-01,ch,800
2014-01-01,cl,800
2016-05-01,am,800
2014-02-01,az,800
2015-03-01,se,800
2015-03-01,pk,800
2016-04-01,hn,800
2014-05-01,ve,800
2013-12-01,cz,800
2014-02-01,ma,800
2014-10-01,ly,800
2015-08-01,uy,800
2015-01-01,dz,800
2014-06-01,sg,800
2014-09-01,hn,700
2014-07-01,ge,700
2015-02-01,my,700
2014-06-01,ie,700
2015-03-01,az,700
2014-10-01,jo,700
2014-03-01,ec,700
2014-06-01,mn,700
2014-07-01,bo,700
2016-01-01,lb,700
2014-10-01,hr,700
2016-04-01,gt,700
2015-02-01,am,700
2013-09-01,pt,700
2014-02-01,am,700
2015-01-01,az,700
2013-11-01,ke,700
2016-03-01,sd,700
2014-03-01,sr,700
2016-02-01,et,700
2016-02-01,cr,700
2013-11-01,no,700
2013-09-01,ps,700
2013-10-01,iq,700
2014-05-01,hu,700
2014-04-01,ae,700
2015-05-01,pt,700
2014-09-01,ge,700
2014-04-01,mk,700
2014-04-01,az,700
2014-08-01,at,700
2014-03-01,ae,700
2016-03-01,ie,700
2013-12-01,ph,700
2014-10-01,ie,700
2015-03-01,hk,700
2014-03-01,bd,700
2013-11-01,my,700
2015-09-01,qa,700
2014-09-01,sv,700
2016-01-01,bo,700
2015-01-01,kg,700
2013-11-01,ec,700
2013-09-01,lb,700
2014-08-01,gr,700
2016-03-01,ge,700
2014-09-01,dz,700
2015-04-01,cz,700
2016-05-01,nz,700
2014-08-01,hu,700
2015-09-01,cm,700
2014-02-01,gr,700
2016-05-01,cz,700
2014-06-01,az,700
2014-08-01,rs,700
2015-07-01,cm,700
2013-12-01,sk,700
2014-05-01,ae,700
2016-03-01,so,700
2014-09-01,dk,700
2014-12-01,pt,700
2014-11-01,cz,700
2015-04-01,ae,700
2016-01-01,rs,700
2015-03-01,ke,700
2016-05-01,bj,700
2014-02-01,ve,700
2014-10-01,at,700
2014-10-01,by,700
2014-05-01,mk,700
2015-03-01,dz,700
2015-04-01,gr,700
2016-03-01,dz,700
2013-11-01,kg,700
2015-09-01,pa,700
2014-02-01,ie,700
2016-03-01,be,700
2013-08-01,lt,700
2015-01-01,ps,700
2015-12-01,mk,700
2016-01-01,si,700
2014-08-01,ie,700
2013-09-01,pa,700
2015-12-01,gr,700
2015-05-01,il,700
2015-03-01,sk,700
2014-05-01,ly,700
2016-04-01,ch,700
2015-07-01,fi,700
2014-01-01,kg,600
2015-03-01,ph,600
2015-02-01,ec,600
2014-01-01,pt,600
2016-01-01,ie,600
2014-07-01,iq,600
2015-10-01,jm,600
2014-10-01,ao,600
2016-03-01,mw,600
2013-10-01,pt,600
2014-05-01,am,600
2014-06-01,kg,600
2013-08-01,ge,600
2014-07-01,ao,600
2014-05-01,lt,600
2014-04-01,bo,600
2016-04-01,ba,600
2014-09-01,et,600
2014-03-01,be,600
2014-01-01,mk,600
2013-12-01,gr,600
2014-09-01,ba,600
2014-10-01,si,600
2016-04-01,fr,600
2015-08-01,ni,600
2016-05-01,om,600
2014-05-01,ge,600
2015-07-01,ae,600
2013-10-01,do,600
2015-09-01,bw,600
2016-05-01,ch,600
2014-11-01,tw,600
2015-08-01,ao,600
2013-10-01,au,600
2015-07-01,tj,600
2015-12-01,tn,600
2016-05-01,mv,600
2015-04-01,tw,600
2015-08-01,ee,600
2016-05-01,,600
2014-09-01,pr,600
2014-06-01,ae,600
2016-02-01,jo,600
2014-12-01,ae,600
2013-11-01,bg,600
2014-08-01,se,600
2014-03-01,at,600
2014-09-01,mm,600
2016-05-01,ne,600
2014-08-01,ly,600
2015-11-01,cr,600
2014-10-01,bw,600
2014-12-01,se,600
2014-06-01,ph,600
2015-05-01,za,600
2015-02-01,ch,600
2013-12-01,am,600
2015-11-01,uz,600
2013-08-01,zw,600
2014-07-01,hr,600
2014-08-01,sa,600
2014-07-01,am,600
2014-11-01,ie,600
2015-06-01,by,600
2015-01-01,tm,600
2014-03-01,pk,600
2014-05-01,al,600
2015-07-01,nz,600
2014-10-01,sd,600
2014-05-01,kg,600
2015-11-01,cm,600
2016-01-01,hr,600
2013-12-01,lk,600
2015-05-01,ae,600
2015-08-01,cw,600
2016-01-01,ve,600
2014-07-01,lb,600
2014-07-01,se,600
2015-08-01,jo,600
2015-03-01,ge,600
2013-09-01,au,600
2016-04-01,cd,600
2015-11-01,sk,600
2013-12-01,az,600
2014-05-01,pk,600
2014-02-01,mk,600
2016-03-01,kz,600
2013-12-01,tn,600
2015-08-01,kw,600
2015-10-01,pt,600
2015-06-01,pk,600
2014-08-01,uy,600
2015-09-01,mg,600
2015-04-01,ca,600
2014-12-01,ch,600
2015-09-01,ge,600
2014-06-01,uy,600
2014-10-01,uz,600
2016-03-01,si,600
2014-10-01,dz,600
2016-01-01,ec,600
2015-04-01,at,600
2014-03-01,ca,600
2014-06-01,mk,600
2015-08-01,ht,600
2016-03-01,gt,600
2016-04-01,be,600
2013-08-01,hr,600
2015-02-01,ae,600
2016-05-01,so,600
2014-07-01,pr,600
2015-06-01,sa,600
2014-06-01,ch,600
2014-01-01,sa,600
2014-02-01,sa,600
2016-03-01,py,600
2014-04-01,ve,600
2015-06-01,be,600
2016-01-01,pt,600
2014-09-01,sk,600
2013-09-01,cm,600
2015-04-01,bd,600
2014-03-01,uy,600
2013-08-01,af,500
2014-02-01,hu,500
2016-02-01,md,500
2015-08-01,np,500
2015-01-01,nz,500
2013-10-01,bd,500
2014-06-01,eg,500
2014-07-01,do,500
2015-11-01,lt,500
2016-03-01,jo,500
2013-10-01,mk,500
2016-03-01,mz,500
2014-04-01,tn,500
2013-12-01,ae,500
2013-10-01,ve,500
2015-08-01,tn,500
2015-10-01,lv,500
2014-06-01,hu,500
2016-05-01,jm,500
2013-09-01,cz,500
2013-11-01,am,500
2016-04-01,xy,500
2015-08-01,ad,500
2016-03-01,ly,500
2013-08-01,me,500
2015-12-01,ps,500
2013-09-01,ba,500
2013-10-01,uy,500
2014-04-01,kw,500
2015-06-01,hr,500
2014-12-01,uy,500
2014-06-01,pa,500
2015-04-01,sa,500
2014-04-01,cz,500
2015-12-01,ug,500
2015-03-01,hu,500
2015-08-01,cg,500
2015-12-01,pa,500
2014-10-01,gt,500
2013-10-01,am,500
2014-11-01,bg,500
2016-04-01,bj,500
2013-10-01,lb,500
2014-09-01,lb,500
2015-02-01,ve,500
2015-03-01,ma,500
2015-05-01,hr,500
2014-12-01,id,500
2015-10-01,sc,500
2015-12-01,gh,500
2014-03-01,mu,500
2013-12-01,uy,500
2014-06-01,za,500
2016-01-01,gr,500
2015-02-01,dz,500
2013-08-01,mo,500
2015-08-01,ae,500
2015-04-01,kg,500
2014-10-01,no,500
2014-05-01,rs,500
2013-11-01,bd,500
2014-06-01,lk,500
2015-03-01,hr,500
2015-03-01,iq,500
2014-08-01,tn,500
2014-03-01,ls,500
2013-08-01,et,500
2016-02-01,vi,500
2014-10-01,et,500
2015-11-01,tg,500
2016-04-01,tz,500
2013-09-01,mu,500
2016-04-01,ie,500
2015-11-01,tn,500
2013-08-01,hu,500
2014-05-01,bo,500
2014-05-01,ie,500
2013-09-01,lt,500
2014-11-01,by,500
2016-04-01,sn,500
2014-11-01,ro,500
2013-08-01,cr,500
2014-09-01,bw,500
2015-09-01,mc,500
2015-06-01,mz,500
2015-09-01,mn,500
2013-08-01,eg,500
2014-04-01,hu,500
2016-04-01,kg,500
2016-04-01,at,500
2015-05-01,ma,500
2013-12-01,hu,500
2016-01-01,im,500
2013-11-01,cz,500
2014-01-01,az,500
2015-05-01,pk,500
2015-05-01,bd,500
2013-08-01,sk,500
2013-10-01,ie,500
2016-05-01,cd,500
2015-04-01,ch,500
2013-08-01,ht,500
2014-12-01,pk,500
2014-12-01,az,500
2015-04-01,az,500
2015-08-01,sd,500
2016-03-01,mr,500
2015-06-01,no,500
2015-02-01,lk,500
2013-11-01,ae,500
2014-09-01,cm,500
2014-07-01,eg,500
2013-09-01,dz,500
2015-02-01,sg,500
2015-02-01,kg,500
2014-10-01,hk,500
2015-03-01,at,500
2014-06-01,pk,500
2014-01-01,be,500
2014-09-01,bd,500
2013-08-01,tl,500
2015-11-01,gr,500
2014-08-01,by,500
2016-04-01,mu,500
2015-10-01,sa,500
2014-06-01,dz,500
2014-02-01,tn,500
2015-05-01,ph,500
2014-07-01,et,500
2015-11-01,cy,500
2014-04-01,iq,500
2013-08-01,cm,500
2015-12-01,pt,500
2015-04-01,lt,500
2015-11-01,uy,500
2014-11-01,hk,500
2013-08-01,se,500
2014-09-01,no,500
2014-02-01,ch,500
2015-07-01,ag,500
2014-02-01,ec,500
2014-04-01,ma,500
2016-04-01,au,500
2015-07-01,gp,500
2015-02-01,sk,500
2014-09-01,,500
2013-12-01,se,500
2014-11-01,rs,500
2013-12-01,lt,500
2013-09-01,zw,500
2013-08-01,uz,500
2014-08-01,ec,500
2015-11-01,qa,500
2013-10-01,za,500
2014-09-01,ps,500
2016-04-01,ao,500
2015-01-01,ma,500
2016-01-01,xy,500
2014-10-01,,500
2015-06-01,au,500
2016-05-01,nc,500
2016-04-01,la,400
2014-01-01,mn,400
2014-09-01,py,400
2013-09-01,tl,400
2014-08-01,be,400
2013-09-01,et,400
2015-12-01,kw,400
2014-03-01,pa,400
2014-07-01,mn,400
2015-11-01,je,400
2015-06-01,ae,400
2014-05-01,se,400
2013-08-01,mz,400
2014-06-01,gt,400
2014-09-01,mo,400
2016-03-01,pa,400
2015-09-01,gh,400
2015-02-01,hr,400
2016-03-01,,400
2015-08-01,gr,400
2016-01-01,am,400
2013-09-01,jo,400
2015-01-01,al,400
2016-01-01,lu,400
2014-11-01,az,400
2015-12-01,je,400
2014-05-01,bd,400
2013-08-01,gt,400
2014-04-01,ao,400
2014-07-01,hu,400
2014-05-01,lb,400
2015-06-01,mk,400
2013-09-01,mo,400
2016-04-01,cr,400
2016-01-01,ao,400
2015-11-01,kg,400
2016-03-01,cd,400
2014-03-01,xy,400
2016-01-01,cm,400
2014-10-01,cr,400
2013-08-01,sn,400
2014-04-01,pk,400
2014-02-01,al,400
2014-10-01,kh,400
2016-03-01,lu,400
2016-03-01,cy,400
2016-04-01,rw,400
2015-01-01,cy,400
2014-04-01,sv,400
2014-06-01,kw,400
2015-06-01,tj,400
2014-06-01,ps,400
2015-01-01,iq,400
2015-02-01,nz,400
2016-01-01,ps,400
2014-01-01,uy,400
2015-07-01,bm,400
2016-05-01,pg,400
2016-01-01,il,400
2016-04-01,am,400
2014-01-01,fi,400
2014-04-01,am,400
2015-03-01,ag,400
2015-06-01,pa,400
2015-02-01,iq,400
2014-03-01,lb,400
2015-08-01,sv,400
2014-09-01,la,400
2015-12-01,bh,400
2014-04-01,uy,400
2014-04-01,ug,400
2015-09-01,kn,400
2015-09-01,mo,400
2014-01-01,am,400
2013-10-01,kw,400
2014-04-01,ch,400
2016-05-01,la,400
2016-05-01,gn,400
2013-09-01,ht,400
2013-10-01,ae,400
2015-05-01,uy,400
2014-06-01,sd,400
2014-04-01,se,400
2016-03-01,jm,400
2015-04-01,za,400
2014-05-01,iq,400
2014-04-01,pa,400
2014-10-01,mp,400
2015-09-01,md,400
2014-09-01,tj,400
2014-09-01,bs,400
2013-08-01,zm,400
2014-08-01,ae,400
2016-05-01,ye,400
2016-03-01,cm,400
2015-06-01,ph,400
2016-03-01,sv,400
2015-12-01,la,400
2016-04-01,me,400
2013-09-01,ug,400
2015-08-01,ba,400
2014-09-01,eg,400
2015-05-01,be,400
2015-01-01,uz,400
2014-04-01,be,400
2014-03-01,ve,400
2015-10-01,am,400
2015-09-01,ee,400
2016-01-01,mk,400
2015-06-01,tn,400
2015-11-01,hn,400
2015-08-01,cm,400
2015-08-01,dm,400
2015-04-01,pe,400
2014-11-01,pk,400
2013-09-01,ke,400
2013-09-01,hr,400
2014-01-01,dk,400
2013-09-01,na,400
2015-03-01,ie,400
2013-10-01,md,400
2015-05-01,lv,400
2015-06-01,lt,400
2014-10-01,zw,400
2015-01-01,kw,400
2014-11-01,sk,400
2015-01-01,tt,400
2013-11-01,be,400
2016-04-01,by,400
2015-01-01,md,400
2013-10-01,sk,400
2013-12-01,dk,400
2015-07-01,mk,400
2015-10-01,pe,400
2015-11-01,bh,400
2016-01-01,kw,400
2016-04-01,ug,400
2015-10-01,lt,400
2015-05-01,au,400
2014-10-01,tt,400
2013-09-01,me,400
2013-08-01,tt,400
2013-08-01,hn,400
2015-01-01,sv,400
2015-12-01,jo,400
2014-05-01,eg,400
2014-09-01,mt,400
2015-02-01,ge,400
2013-12-01,be,400
2016-04-01,ga,400
2014-09-01,lv,400
2013-08-01,pr,400
2013-11-01,tn,400
2016-04-01,lu,400
2016-05-01,gm,400
2016-03-01,ga,400
2013-09-01,lv,400
2013-12-01,ch,400
2013-11-01,mk,400
2015-12-01,si,400
2014-07-01,pk,400
2015-07-01,hn,400
2015-07-01,bz,400
2015-09-01,si,400
2014-09-01,md,400
2016-04-01,pa,400
2015-02-01,qa,400
2014-04-01,hr,400
2016-03-01,gq,400
2014-05-01,hn,400
2014-02-01,be,400
2015-07-01,az,400
2015-02-01,do,400
2014-12-01,nl,400
2015-03-01,md,400
2014-07-01,si,400
2014-09-01,me,400
2014-02-01,md,400
2015-09-01,ma,400
2014-03-01,jm,400
2014-09-01,se,400
2016-01-01,rw,400
2014-05-01,,400
2014-12-01,at,400
2014-11-01,mx,400
2015-01-01,bo,400
2015-07-01,bh,400
2015-03-01,ht,400
2014-08-01,uz,400
2015-05-01,am,400
2014-01-01,md,400
2013-09-01,nz,400
2014-08-01,ve,400
2015-03-01,kw,400
2016-03-01,az,400
2014-09-01,ug,400
2014-07-01,sd,400
2014-09-01,sd,400
2015-06-01,pr,400
2014-03-01,sk,400
2015-04-01,ie,400
2015-03-01,uy,400
2015-12-01,qa,400
2014-12-01,ph,400
2016-05-01,lu,400
2016-03-01,dk,400
2014-03-01,hu,400
2014-06-01,bo,400
2016-02-01,ee,300
2014-04-01,uz,300
2015-06-01,si,300
2015-11-01,lu,300
2013-10-01,bo,300
2013-11-01,lk,300
2015-09-01,bz,300
2015-07-01,lu,300
2013-09-01,tz,300
2014-05-01,bs,300
2013-10-01,hr,300
2015-07-01,mu,300
2015-08-01,re,300
2013-08-01,lr,300
2016-02-01,mt,300
2013-10-01,my,300
2014-07-01,bt,300
2014-03-01,ky,300
2015-02-01,tn,300
2016-05-01,cv,300
2014-09-01,zw,300
2016-02-01,uy,300
2015-08-01,gu,300
2015-05-01,dk,300
2016-05-01,ki,300
2014-08-01,pa,300
2016-02-01,tz,300
2016-01-01,me,300
2014-03-01,se,300
2016-01-01,qa,300
2015-06-01,se,300
2015-02-01,pk,300
2016-02-01,np,300
2014-12-01,ec,300
2014-02-01,lk,300
2015-11-01,ke,300
2014-10-01,mu,300
2016-04-01,ag,300
2014-03-01,cr,300
2016-02-01,gr,300
2015-02-01,az,300
2016-04-01,np,300
2013-10-01,lv,300
2016-01-01,gh,300
2014-07-01,cm,300
2014-05-01,sk,300
2014-04-01,ge,300
2015-02-01,,300
2014-02-01,za,300
2015-12-01,jm,300
2015-07-01,sd,300
2014-10-01,ps,300
2014-12-01,am,300
2015-06-01,me,300
2015-01-01,am,300
2015-04-01,pk,300
2013-11-01,lt,300
2015-04-01,am,300
2016-02-01,mz,300
2014-07-01,lk,300
2015-11-01,lv,300
2014-08-01,lt,300
2014-09-01,gn,300
2013-09-01,hn,300
2015-12-01,lb,300
2014-02-01,se,300
2014-03-01,bo,300
2014-11-01,id,300
2013-09-01,nc,300
2015-08-01,ml,300
2016-01-01,ci,300
2014-04-01,md,300
2015-07-01,na,300
2014-06-01,bd,300
2015-11-01,gt,300
2014-08-01,mk,300
2015-02-01,se,300
2015-03-01,si,300
2014-01-01,ch,300
2015-07-01,sv,300
2016-03-01,bj,300
2013-08-01,sr,300
2016-05-01,bw,300
2015-12-01,pr,300
2015-01-01,me,300
2015-05-01,my,300
2014-09-01,lu,300
2015-02-01,al,300
2015-09-01,cr,300
2014-02-01,do,300
2014-01-01,ee,300
2015-02-01,mn,300
2014-06-01,lb,300
2015-04-01,hr,300
2015-11-01,do,300
2013-09-01,py,300
2015-11-01,rw,300
2014-03-01,py,300
2015-03-01,al,300
2014-07-01,jo,300
2013-09-01,si,300
2014-01-01,au,300
2014-10-01,lb,300
2015-01-01,si,300
2014-06-01,ly,300
2013-10-01,uz,300
2015-11-01,jo,300
2014-03-01,sd,300
2015-01-01,ba,300
2015-07-01,py,300
2015-12-01,mg,300
2015-01-01,zw,300
2015-08-01,tt,300
2015-08-01,gh,300
2014-04-01,dz,300
2016-03-01,md,300
2013-10-01,cz,300
2013-12-01,za,300
2014-07-01,ht,300
2014-01-01,tn,300
2014-10-01,fj,300
2016-02-01,fi,300
2015-12-01,rw,300
2014-07-01,no,300
2015-07-01,ao,300
2015-11-01,mn,300
2013-11-01,ve,300
2014-07-01,mu,300
2015-11-01,pr,300
2016-04-01,mm,300
2015-06-01,ie,300
2015-07-01,tn,300
2016-02-01,ly,300
2014-01-01,mo,300
2015-03-01,pa,300
2014-11-01,ir,300
2014-05-01,ee,300
2014-04-01,qa,300
2015-07-01,kg,300
2015-07-01,kw,300
2013-12-01,ie,300
2015-01-01,nc,300
2016-05-01,af,300
2015-04-01,be,300
2013-08-01,sl,300
2015-10-01,pr,300
2016-05-01,pr,300
2014-03-01,do,300
2014-08-01,sg,300
2013-09-01,hu,300
2016-03-01,nz,300
2013-08-01,dk,300
2015-07-01,zw,300
2013-11-01,ma,300
2015-01-01,lk,300
2016-04-01,ly,300
2014-03-01,lv,300
2014-05-01,ch,300
2016-04-01,sv,300
2015-03-01,py,300
2013-09-01,nl,300
2014-02-01,uy,300
2014-04-01,no,300
2016-02-01,sd,300
2016-05-01,sk,300
2013-08-01,cd,300
2014-02-01,at,300
2014-09-01,yt,300
2014-02-01,ps,300
2013-08-01,cv,300
2014-04-01,al,300
2015-12-01,be,300
2014-01-01,ec,300
2013-09-01,,300
2016-04-01,sd,300
2014-05-01,cy,300
2015-05-01,bw,300
2014-07-01,py,300
2015-12-01,cr,300
2013-08-01,bs,300
2014-06-01,uz,300
2014-08-01,ma,300
2014-07-01,sv,300
2014-04-01,nz,300
2015-01-01,dk,300
2014-10-01,bs,300
2015-02-01,hu,300
2013-09-01,cd,300
2015-04-01,my,300
2014-10-01,ni,300
2014-12-01,mk,300
2016-02-01,iq,300
2015-11-01,dz,300
2014-10-01,gn,300
2013-10-01,hu,300
2016-04-01,gp,300
2015-10-01,ng,300
2014-08-01,za,300
2015-09-01,sv,300
2015-06-01,ke,300
2013-11-01,nz,300
2016-03-01,ma,300
2016-02-01,hr,300
2015-01-01,ng,300
2014-10-01,pr,300
2014-05-01,do,300
2014-09-01,ht,300
2013-09-01,af,300
2015-11-01,az,300
2014-04-01,pr,300
2015-01-01,qa,300
2014-04-01,mg,300
2014-10-01,lv,300
2014-01-01,iq,300
2015-05-01,tn,300
2015-02-01,ie,300
2016-05-01,mw,300
2013-08-01,lv,300
2015-09-01,ke,300
2014-11-01,au,300
2014-11-01,si,300
2015-05-01,kg,300
2013-08-01,sv,300
2014-10-01,ge,300
2015-03-01,lv,300
2016-03-01,ug,300
2015-11-01,al,300
2015-11-01,ht,300
2016-02-01,sn,300
2015-06-01,bz,300
2014-05-01,jo,300
2014-11-01,ec,300
2014-12-01,hk,300
2015-01-01,bd,300
2014-06-01,nz,300
2014-12-01,si,300
2016-02-01,xy,300
2014-05-01,lv,300
2014-03-01,hn,300
2015-06-01,kh,300
2016-05-01,gq,300
2016-02-01,cm,300
2015-03-01,eg,300
2015-08-01,mm,300
2015-08-01,mu,300
2014-06-01,si,300
2016-01-01,jo,300
2016-03-01,bn,300
2014-12-01,ve,300
2016-04-01,zw,300
2015-03-01,lb,300
2015-03-01,bo,300
2014-11-01,ge,300
2015-10-01,ae,200
2015-05-01,ng,200
2016-02-01,qa,200
2013-08-01,be,200
2016-03-01,zw,200
2016-02-01,zw,200
2015-12-01,,200
2016-04-01,bi,200
2015-10-01,pa,200
2016-01-01,zw,200
2014-09-01,ni,200
2013-09-01,zm,200
2016-04-01,bh,200
2014-07-01,nz,200
2014-06-01,sk,200
2014-04-01,xy,200
2014-11-01,cl,200
2015-03-01,me,200
2016-04-01,dk,200
2014-06-01,lu,200
2013-10-01,ng,200
2016-05-01,ge,200
2014-10-01,na,200
2014-10-01,aw,200
2013-08-01,aw,200
2014-11-01,se,200
2015-12-01,mz,200
2014-10-01,sv,200
2013-12-01,pr,200
2015-03-01,ee,200
2014-08-01,iq,200
2014-04-01,ke,200
2015-07-01,ba,200
2014-08-01,et,200
2016-03-01,sm,200
2014-11-01,sa,200
2013-11-01,bo,200
2016-01-01,jm,200
2016-03-01,re,200
2013-10-01,py,200
2015-01-01,tz,200
2014-09-01,ag,200
2013-12-01,bo,200
2015-03-01,la,200
2013-12-01,pk,200
2014-11-01,co,200
2016-02-01,tg,200
2013-09-01,mr,200
2014-02-01,dk,200
2014-09-01,tz,200
2013-08-01,mr,200
2015-04-01,tn,200
2016-05-01,by,200
2015-06-01,sr,200
2013-10-01,kg,200
2015-08-01,ug,200
2014-07-01,cy,200
2016-03-01,mv,200
2014-08-01,dk,200
2015-02-01,bh,200
2013-09-01,md,200
2015-09-01,la,200
2015-07-01,ma,200
2013-08-01,md,200
2013-09-01,ye,200
2016-05-01,vu,200
2013-09-01,ch,200
2015-02-01,dk,200
2014-05-01,mu,200
2014-10-01,cy,200
2014-01-01,za,200
2014-10-01,mt,200
2015-04-01,do,200
2015-09-01,cy,200
2014-06-01,do,200
2015-09-01,ht,200
2015-01-01,mo,200
2014-05-01,mo,200
2014-08-01,zw,200
2015-03-01,qa,200
2013-08-01,ye,200
2016-05-01,py,200
2014-02-01,et,200
2014-02-01,py,200
2015-12-01,ci,200
2014-03-01,ly,200
2013-09-01,la,200
2016-02-01,bm,200
2014-03-01,eg,200
2015-11-01,sd,200
2014-02-01,fi,200
2014-12-01,mt,200
2016-02-01,me,200
2015-08-01,sc,200
2014-10-01,cm,200
2014-06-01,ml,200
2013-11-01,pk,200
2015-01-01,sn,200
2016-04-01,af,200
2015-03-01,mn,200
2016-03-01,mu,200
2014-01-01,ge,200
2013-09-01,pg,200
2015-10-01,si,200
2013-09-01,se,200
2014-03-01,si,200
2015-03-01,cw,200
2015-01-01,et,200
2013-11-01,lb,200
2016-01-01,et,200
2015-04-01,iq,200
2014-06-01,iq,200
2016-02-01,dz,200
2015-01-01,do,200
2013-12-01,nz,200
2015-08-01,is,200
2016-03-01,ml,200
2013-09-01,uz,200
2014-02-01,mo,200
2015-06-01,qa,200
2015-01-01,jo,200
2016-03-01,af,200
2013-12-01,ly,200
2016-03-01,by,200
2013-11-01,cr,200
2015-12-01,by,200
2015-09-01,tt,200
2014-01-01,al,200
2013-10-01,ge,200
2015-01-01,gt,200
2016-01-01,ma,200
2015-07-01,mv,200
2013-12-01,mn,200
2014-03-01,lt,200
2015-03-01,nz,200
2013-11-01,ly,200
2015-08-01,mo,200
2016-03-01,ni,200
2016-04-01,tg,200
2014-05-01,gt,200
2015-03-01,sd,200
2015-11-01,mg,200
2015-12-01,ga,200
2015-09-01,is,200
2016-04-01,so,200
2015-12-01,tg,200
2015-12-01,gt,200
2013-12-01,md,200
2014-07-01,kh,200
2016-01-01,bs,200
2015-06-01,is,200
2014-12-01,au,200
2015-11-01,mr,200
2014-07-01,bm,200
2013-11-01,ky,200
2015-08-01,kn,200
2015-07-01,vc,200
2014-10-01,cw,200
2015-11-01,tz,200
2016-05-01,lv,200
2014-09-01,mu,200
2015-03-01,kg,200
2014-09-01,ci,200
2015-12-01,uy,200
2015-02-01,kh,200
2015-05-01,nz,200
2015-05-01,no,200
2015-09-01,py,200
2013-09-01,bs,200
2016-05-01,bt,200
2013-12-01,lv,200
2014-12-01,lt,200
2015-08-01,la,200
2014-12-01,ma,200
2014-05-01,uz,200
2015-05-01,iq,200
2015-03-01,ps,200
2014-02-01,ae,200
2015-07-01,kn,200
2014-07-01,hn,200
2014-07-01,ng,200
2015-04-01,pa,200
2014-09-01,li,200
2014-11-01,my,200
2016-02-01,mg,200
2014-12-01,be,200
2013-09-01,eg,200
2014-05-01,ba,200
2015-01-01,,200
2014-10-01,eg,200
2014-04-01,ga,200
2014-06-01,ge,200
2013-11-01,lv,200
2013-08-01,no,200
2013-08-01,td,200
2013-11-01,kw,200
2015-12-01,ba,200
2015-02-01,mk,200
2014-05-01,nc,200
2016-05-01,ky,200
2014-08-01,sn,200
2015-10-01,ec,200
2014-09-01,gh,200
2016-03-01,bi,200
2013-09-01,gt,200
2015-06-01,za,200
2015-01-01,bh,200
2014-03-01,md,200
2014-04-01,ni,200
2014-04-01,et,200
2014-10-01,lk,200
2014-11-01,th,200
2013-09-01,ga,200
2015-03-01,uz,200
2015-07-01,gu,200
2014-01-01,ma,200
2014-05-01,zw,200
2014-10-01,so,200
2014-03-01,mt,200
2015-04-01,ee,200
2014-05-01,ht,200
2015-01-01,pa,200
2014-03-01,dz,200
2013-12-01,iq,200
2013-10-01,ao,200
2013-09-01,cv,200
2013-12-01,ec,200
2015-12-01,md,200
2015-02-01,bd,200
2016-04-01,fj,200
2015-09-01,kg,200
2014-09-01,ke,200
2014-09-01,bm,200
2014-04-01,dk,200
2014-05-01,sd,200
2014-09-01,aw,200
2014-09-01,na,200
2014-06-01,bw,200
2014-01-01,at,200
2016-01-01,nz,200
2014-07-01,li,200
2016-04-01,cy,200
2013-09-01,jm,200
2016-04-01,zm,200
2015-01-01,eg,200
2013-11-01,uy,200
2013-08-01,,200
2015-09-01,ba,200
2014-02-01,au,200
2015-11-01,mk,200
2016-05-01,bz,200
2014-08-01,cr,200
2014-07-01,ps,200
2015-02-01,be,200
2014-01-01,si,200
2014-01-01,ve,200
2014-08-01,cm,200
2015-02-01,cr,200
2016-05-01,pw,200
2014-02-01,hr,200
2015-10-01,mk,200
2014-09-01,is,200
2015-09-01,mk,200
2015-02-01,lb,200
2013-11-01,sk,200
2013-11-01,lu,200
2016-04-01,lt,200
2014-07-01,sk,200
2014-12-01,za,200
2015-02-01,uz,200
2015-12-01,cm,200
2013-11-01,mu,200
2014-03-01,ba,200
2015-11-01,ma,200
2015-11-01,ug,200
2015-10-01,ba,200
2014-07-01,ci,200
2016-04-01,nz,200
2016-02-01,bh,200
2014-06-01,ke,200
2013-12-01,mk,200
2016-02-01,dk,200
2015-03-01,fi,200
2016-05-01,bn,200
2015-09-01,uy,200
2015-06-01,py,200
2016-01-01,cr,200
2014-08-01,kw,200
2014-03-01,ml,200
2013-11-01,hu,200
2015-02-01,kw,200
2014-02-01,ph,200
2014-05-01,na,200
2015-04-01,si,200
2015-08-01,hr,200
2015-08-01,na,200
2015-04-01,ve,200
2015-12-01,gp,200
2015-05-01,az,200
2015-04-01,no,200
2014-02-01,lb,200
2014-10-01,ba,200
2015-09-01,,200
2013-12-01,bs,200
2014-07-01,bi,200
2015-10-01,vi,200
2015-03-01,mk,200
2013-10-01,tj,200
2014-09-01,cy,200
2014-07-01,xk,200
2014-02-01,ee,200
2015-09-01,gt,200
2015-10-01,my,200
2014-12-01,tn,200
2016-01-01,sd,200
2015-04-01,se,200
2013-10-01,ke,200
2014-07-01,bs,200
2014-01-01,me,200
2014-03-01,ge,200
2014-10-01,tc,200
2015-08-01,qa,200
2015-07-01,mm,200
2015-06-01,ge,200
2014-09-01,nz,200
2015-07-01,je,200
2015-11-01,mo,200
2016-02-01,mu,200
2014-06-01,lt,200
2013-08-01,tg,200
2014-01-01,lk,200
2015-05-01,cr,200
2014-07-01,mz,200
2015-07-01,mt,200
2015-07-01,dz,200
2015-12-01,me,200
2014-07-01,ni,200
2014-08-01,az,200
2015-04-01,md,200
2014-12-01,my,200
2014-04-01,do,200
2013-08-01,py,200
2013-09-01,sk,200
2013-11-01,dk,200
2015-10-01,fi,200
2016-02-01,ba,200
2013-10-01,at,200
2014-07-01,gt,200
2014-02-01,no,200
2014-02-01,nz,200
2014-05-01,me,200
2016-04-01,pr,200
2014-12-01,sg,200
2016-04-01,ee,200
2015-05-01,lt,200
2013-08-01,sy,200
2013-10-01,be,200
2015-09-01,vi,200
2015-02-01,no,200
2015-04-01,ph,200
2014-12-01,iq,200
2015-07-01,tt,200
2013-08-01,cg,200
2014-12-01,ge,200
2014-10-01,cg,200
2014-10-01,li,200
2014-03-01,jo,200
2013-09-01,sn,200
2013-12-01,ge,200
2016-03-01,mm,200
2014-04-01,ci,200
2015-01-01,kh,200
2015-05-01,se,200
2015-02-01,pr,200
2013-10-01,ly,200
2014-02-01,pr,200
2013-09-01,cr,200
2015-04-01,uy,200
2015-06-01,am,200
2014-10-01,bn,200
2014-04-01,lb,200
2014-09-01,qa,100
2014-05-01,bn,100
2015-05-01,pr,100
2014-03-01,cm,100
2013-09-01,at,100
2015-09-01,li,100
2015-03-01,ng,100
2013-08-01,re,100
2013-09-01,ee,100
2016-03-01,dj,100
2014-04-01,gt,100
2016-02-01,ug,100
2015-02-01,si,100
2015-02-01,sn,100
2015-12-01,tt,100
2014-07-01,gh,100
2014-04-01,lt,100
2016-01-01,ee,100
2013-12-01,kg,100
2014-11-01,gr,100
2016-03-01,bt,100
2014-04-01,lu,100
2015-02-01,li,100
2013-12-01,py,100
2013-08-01,jm,100
2014-02-01,ke,100
2013-09-01,cg,100
2016-05-01,na,100
2014-09-01,ls,100
2013-08-01,ni,100
2014-04-01,sk,100
2014-12-01,ky,100
2015-01-01,ht,100
2015-06-01,je,100
2016-05-01,bf,100
2013-12-01,uz,100
2014-04-01,as,100
2015-04-01,ge,100
2014-03-01,mp,100
2013-09-01,tm,100
2015-06-01,ly,100
2014-01-01,xy,100
2016-05-01,bi,100
2015-12-01,nc,100
2015-09-01,lb,100
2014-07-01,lu,100
2016-01-01,,100
2014-03-01,pr,100
2015-05-01,ee,100
2013-10-01,mw,100
2013-08-01,gy,100
2016-01-01,kh,100
2015-02-01,bs,100
2014-08-01,si,100
2014-10-01,vi,100
2015-03-01,tt,100
2014-07-01,ug,100
2014-03-01,ug,100
2013-09-01,fi,100
2015-03-01,nc,100
2014-12-01,sn,100
2014-07-01,gm,100
2015-07-01,gh,100
2013-12-01,tz,100
2016-04-01,mr,100
2014-08-01,py,100
2015-06-01,lu,100
2015-03-01,mt,100
2015-06-01,sk,100
2015-10-01,do,100
2014-09-01,cg,100
2014-06-01,bh,100
2015-06-01,kw,100
2014-01-01,hr,100
2014-07-01,np,100
2015-03-01,cy,100
2013-11-01,ch,100
2016-05-01,sz,100
2014-09-01,sn,100
2015-09-01,do,100
2014-08-01,lb,100
2014-04-01,jm,100
2014-09-01,gi,100
2014-05-01,fo,100
2016-05-01,ht,100
2015-06-01,tt,100
2015-12-01,kh,100
2014-01-01,bd,100
2013-10-01,af,100
2016-01-01,bf,100
2013-09-01,mc,100
2014-04-01,mw,100
2015-11-01,py,100
2015-12-01,is,100
2015-01-01,mr,100
2016-03-01,la,100
2014-09-01,cf,100
2015-04-01,dk,100
2014-01-01,mu,100
2014-02-01,cy,100
2015-03-01,pr,100
2014-01-01,cy,100
2014-07-01,aw,100
2015-11-01,mp,100
2014-07-01,na,100
2014-10-01,sm,100
2015-09-01,kh,100
2013-10-01,bs,100
2016-03-01,mg,100
2016-01-01,bj,100
2013-11-01,md,100
2015-08-01,bh,100
2013-11-01,mt,100
2015-02-01,bt,100
2014-05-01,qa,100
2016-05-01,mt,100
2016-03-01,cv,100
2014-01-01,mt,100
2015-10-01,uz,100
2016-03-01,gm,100
2013-08-01,bb,100
2015-09-01,tg,100
2014-04-01,ba,100
2014-06-01,na,100
2014-12-01,kh,100
2014-05-01,kh,100
2015-07-01,sx,100
2014-11-01,me,100
2016-05-01,kg,100
2014-08-01,pk,100
2014-03-01,uz,100
2015-03-01,zw,100
2015-03-01,bd,100
2015-08-01,mq,100
2014-05-01,sn,100
2015-10-01,mn,100
2013-10-01,pr,100
2014-12-01,qa,100
2015-02-01,ni,100
2015-03-01,mu,100
2015-05-01,eg,100
2014-03-01,za,100
2014-02-01,bd,100
2014-10-01,xk,100
2016-02-01,nz,100
2014-07-01,mq,100
2013-12-01,jm,100
2013-11-01,hr,100
2013-09-01,cw,100
2014-11-01,et,100
2014-09-01,bn,100
2014-07-01,jm,100
2014-07-01,af,100
2015-06-01,ma,100
2015-02-01,ee,100
2016-04-01,sy,100
2014-09-01,cw,100
2016-03-01,va,100
2015-01-01,zm,100
2015-02-01,me,100
2015-12-01,re,100
2014-06-01,gd,100
2014-02-01,lv,100
2013-11-01,mm,100
2013-12-01,dz,100
2013-09-01,gm,100
2016-01-01,dz,100
2014-06-01,,100
2015-11-01,tt,100
2013-08-01,mg,100
2013-11-01,ps,100
2016-02-01,gn,100
2015-01-01,ge,100
2015-11-01,kw,100
2014-05-01,is,100
2014-12-01,do,100
2014-11-01,ug,100
2014-04-01,lv,100
2016-01-01,mt,100
2014-07-01,ml,100
2014-10-01,nc,100
2015-07-01,,100
2014-01-01,gt,100
2015-12-01,nz,100
2016-02-01,sv,100
2014-05-01,aw,100
2014-08-01,lc,100
2013-08-01,si,100
2014-06-01,hn,100
2015-02-01,ng,100
2016-05-01,dj,100
2015-01-01,mn,100
2014-03-01,mc,100
2014-06-01,cv,100
2015-08-01,gn,100
2014-05-01,hr,100
2016-01-01,be,100
2016-01-01,bn,100
2013-11-01,cg,100
2014-06-01,gp,100
2013-11-01,se,100
2015-01-01,im,100
2014-01-01,ps,100
2015-09-01,uz,100
2014-04-01,me,100
2016-01-01,ba,100
2015-04-01,au,100
2015-03-01,ad,100
2015-09-01,hn,100
2015-04-01,mz,100
2014-09-01,fj,100
2013-08-01,gq,100
2016-05-01,mg,100
2014-08-01,cu,100
2014-09-01,sc,100
2015-01-01,bs,100
2016-04-01,mz,100
2013-08-01,mh,100
2014-05-01,ug,100
2014-06-01,is,100
2014-11-01,kw,100
2014-04-01,dj,100
2013-11-01,cm,100
2014-01-01,tj,100
2013-12-01,lb,100
2015-12-01,bz,100
2014-06-01,mz,100
2014-06-01,no,100
2013-11-01,sd,100
2014-04-01,cw,100
2014-11-01,hu,100
2016-04-01,na,100
2013-12-01,bd,100
2014-06-01,mo,100
2015-08-01,mv,100
2013-12-01,pa,100
2016-02-01,pa,100
2015-03-01,gh,100
2014-02-01,mg,100
2015-09-01,hr,100
2014-08-01,ml,100
2014-09-01,dm,100
2015-03-01,cv,100
2013-10-01,fi,100
2015-12-01,ma,100
2015-09-01,vc,100
2014-05-01,fi,100
2016-05-01,ag,100
2015-12-01,py,100
2015-04-01,ec,100
2015-11-01,kh,100
2015-11-01,ee,100
2014-11-01,mk,100
2014-08-01,bo,100
2014-11-01,hr,100
2015-05-01,is,100
2015-06-01,na,100
2014-04-01,sd,100
2013-09-01,bm,100
2015-12-01,as,100
2013-11-01,fi,100
2015-09-01,pg,100
2014-05-01,vc,100
2015-03-01,gt,100
2015-10-01,gr,100
2015-03-01,ai,100
2015-06-01,mo,100
2014-04-01,aw,100
2016-02-01,,100
2015-10-01,bh,100
2014-02-01,iq,100
2015-01-01,xk,100
2013-11-01,et,100
2013-08-01,bw,100
2013-10-01,rw,100
2016-02-01,lu,100
2014-05-01,ni,100
2014-03-01,qa,100
2013-12-01,zm,100
2015-01-01,lu,100
2014-09-01,bi,100
2014-03-01,ng,100
2016-02-01,mm,100
2014-10-01,me,100
2014-12-01,uz,100
2014-05-01,no,100
2015-08-01,ky,100
2016-01-01,sb,100
2014-11-01,tt,100
2014-12-01,mo,100
2014-04-01,nc,100
2014-05-01,tj,100
2016-03-01,mp,100
2015-07-01,cg,100
2014-01-01,,100
2015-02-01,bo,100
2014-05-01,py,100
2015-07-01,sn,100
2015-12-01,do,100
2015-01-01,sk,100
2016-04-01,ni,100
2015-08-01,bz,100
2015-06-01,hn,100
2016-02-01,az,100
2014-07-01,tt,100
2014-08-01,my,100
2015-03-01,jo,100
2014-09-01,nc,100
2013-09-01,ml,100
2013-09-01,bw,100
2016-01-01,xk,100
2014-03-01,iq,100
2014-07-01,bw,100
2014-05-01,ga,100
2014-09-01,pg,100
2015-06-01,gp,100
2013-10-01,si,100
2016-03-01,bs,100
2014-11-01,lu,100
2014-01-01,eg,100
2013-09-01,tj,100
2014-02-01,to,100
2014-04-01,cr,100
2014-01-01,lv,100
2016-01-01,py,100
2014-09-01,bj,100
2014-03-01,mo,100
2014-09-01,mz,100
2013-11-01,xy,100
2014-07-01,is,100
2015-05-01,ci,100
2015-12-01,bs,100
2015-09-01,jo,100
2014-06-01,nc,100
2014-05-01,xk,100
2014-07-01,tj,100
2016-05-01,sl,100
2014-10-01,af,100
2015-12-01,sc,100
2015-09-01,me,100
2014-07-01,vg,100
2014-10-01,is,100
2016-01-01,gt,100
2014-12-01,fi,100
2015-07-01,nc,100
2014-12-01,pr,100
2015-01-01,ga,100
2013-12-01,fi,100
2014-04-01,fo,100
2015-01-01,py,100
2014-10-01,ng,100
2015-10-01,mo,100
2013-08-01,tj,100
2016-03-01,is,100
2015-05-01,ba,100
2015-01-01,ug,100
2016-03-01,lr,100
2013-10-01,na,100
2013-11-01,,100
2016-03-01,sc,100
2015-09-01,fi,100
2014-11-01,lt,100
2015-07-01,np,100
2014-02-01,me,100
2015-07-01,is,100
2015-07-01,ci,100
2013-10-01,sr,100
2016-01-01,do,100
2015-12-01,tj,100
2014-12-01,jo,100
2014-02-01,va,100
2014-01-01,bh,100
2015-05-01,gh,100
2013-08-01,pg,100
2016-05-01,ws,100
2014-04-01,ps,100
2014-06-01,mm,100
2015-05-01,tt,100
2016-01-01,sr,100
2015-03-01,mz,100
2015-01-01,sd,100
2015-12-01,ml,100
2014-04-01,af,100
2014-09-01,vc,100
2016-01-01,tg,100
2016-02-01,bn,100
2014-01-01,bw,100
2013-10-01,ch,100
2016-02-01,cy,100
2015-10-01,ge,100
2015-12-01,lk,100
2015-05-01,kw,100
2013-08-01,bz,100
2016-05-01,cu,100
2016-02-01,ht,100
2013-08-01,np,100
2014-12-01,gt,100
2015-03-01,gm,100
2014-12-01,dk,100
2014-01-01,nc,100
2013-12-01,al,100
2014-12-01,ie,100
2014-12-01,bo,100
2014-06-01,kh,100
2014-05-01,lc,100
2014-05-01,mw,100
2014-04-01,py,100
2015-01-01,ss,100
2013-09-01,mp,100
2015-05-01,bn,100
2014-05-01,pr,100
2014-04-01,zw,100
2015-05-01,tz,100
2015-12-01,vi,100
2014-01-01,pr,100
2015-02-01,jo,100
2015-01-01,ni,100
2013-10-01,lt,100
2014-03-01,bs,100
2013-11-01,sv,100
2015-04-01,ag,100
2015-01-01,li,100
2013-12-01,sz,100
2016-01-01,ss,100
2015-11-01,nz,100
2016-02-01,ci,100
2016-02-01,do,100
2013-08-01,xy,100
2013-10-01,gh,100
2014-07-01,la,100
2015-07-01,af,100
2015-10-01,mv,100
2014-10-01,la,100
2016-01-01,ne,100
2013-08-01,la,100
2015-04-01,lu,100
2014-06-01,cy,100
2014-08-01,la,100
2014-01-01,ao,100
2014-06-01,ht,100
2016-03-01,gd,100
2014-09-01,xk,100
2014-02-01,jo,100
2014-02-01,ye,100
2015-01-01,ly,100
2015-04-01,sd,100
2016-03-01,cf,100
2015-02-01,vc,100
2014-04-01,si,100
2015-04-01,ht,100
2015-09-01,sc,100
2013-08-01,ug,100
2014-04-01,ye,100
2014-05-01,ao,100
2013-11-01,mg,100
2015-09-01,ao,100
2013-12-01,hn,100
2014-10-01,ug,100
2013-11-01,cw,100
2014-06-01,ng,100
2014-02-01,kn,100
2015-11-01,am,100
2015-04-01,qa,100
2016-05-01,fi,100
2015-06-01,cr,100
2014-11-01,mn,100
2015-04-01,ng,100
2013-11-01,ee,100
2015-03-01,bh,100
2015-05-01,ge,100
2013-11-01,kh,100
2016-04-01,mw,100
2015-04-01,sk,100
2014-12-01,ee,100
2014-03-01,ye,100
2014-12-01,dz,100
2013-08-01,mp,100
2015-06-01,sv,100
2016-05-01,az,100
2013-11-01,gu,100
2014-01-01,st,100
2015-04-01,sv,100
2015-09-01,mt,100
2015-09-01,dz,100
2014-05-01,cw,100
2015-10-01,bs,100
2014-01-01,ni,100
2015-06-01,,100
2014-07-01,mm,100
2014-02-01,ni,100
2013-09-01,cy,100
2016-01-01,mu,100
2014-10-01,py,100
2014-10-01,sr,100
2016-03-01,sl,100
2015-05-01,lb,100
2013-12-01,mo,100
2015-07-01,tz,100
2013-10-01,bh,100
2015-01-01,is,100
2015-02-01,jm,100
2013-09-01,ki,100
2016-05-01,gu,100
2016-01-01,np,100
2013-08-01,ci,100
2015-06-01,nz,100
2016-05-01,bs,100
2015-12-01,mv,100
2015-02-01,zw,100
2015-08-01,dz,100
2016-05-01,sc,100
2015-07-01,tg,100
2015-01-01,np,100
2015-11-01,ly,100
2014-08-01,kg,100
2014-06-01,mp,100
2014-02-01,gu,100
2016-04-01,mv,100
2013-11-01,pr,100
2015-11-01,gf,100
2014-05-01,bb,100
2014-07-01,gf,100
2015-01-01,mu,100
2016-03-01,cg,100
2014-03-01,bt,100
2015-03-01,lt,100
2014-07-01,gn,100
2013-08-01,ls,100
2015-06-01,lb,100
2014-05-01,ci,100
2014-12-01,th,100
2014-06-01,py,100
2015-05-01,sk,100
2013-08-01,bf,100
2015-09-01,az,100
2014-01-01,sm,100
2013-09-01,fj,100
2014-07-01,ga,100
2016-02-01,lv,100
2014-10-01,bd,100
2014-09-01,bb,100
2013-11-01,at,100
2015-05-01,md,100
2014-11-01,sd,100
2014-07-01,rw,100
2013-12-01,au,100
2016-03-01,fj,100
2015-08-01,xy,100
2016-05-01,xk,100
2016-04-01,cv,100
2014-07-01,mt,100
2014-02-01,eg,100
2014-03-01,sx,100
2015-01-01,dm,100
2015-08-01,do,100
2013-10-01,cr,100
2014-10-01,md,100
2014-08-01,eg,100
2015-08-01,ga,100
2015-11-01,bn,100
2014-08-01,cd,100
2014-03-01,ao,100
2014-04-01,cy,100
2014-04-01,ht,100
2014-04-01,li,100
2015-02-01,lv,100
2013-12-01,me,100
2014-03-01,gt,100
2013-10-01,mn,100
2014-12-01,pa,100
2013-10-01,mz,100
2013-08-01,ch,100
2015-10-01,lk,100
2016-02-01,na,100
2015-08-01,tz,100
2015-10-01,ao,100
2016-04-01,mo,100
2015-10-01,az,100
2013-10-01,lr,100
2013-09-01,bn,100
2013-09-01,xy,100
2015-03-01,gd,100
2015-05-01,mt,100
2015-07-01,ni,100
2015-09-01,mm,100
2013-10-01,xy,100
2014-06-01,et,100
2015-03-01,hn,100
2015-03-01,kn,100
2014-09-01,jm,100
2014-06-01,bm,100
2016-02-01,bq,100
2014-11-01,uz,100
2015-04-01,ps,100
2015-05-01,dz,100
2013-09-01,sr,100
2014-06-01,fi,100
2015-04-01,cr,100
2015-01-01,hn,100
2015-04-01,kw,100
2015-02-01,ba,100
2014-03-01,ee,100
2013-09-01,lr,100
2015-09-01,lk,100
2014-11-01,ma,100
2014-04-01,ee,100
2014-06-01,cr,100
2014-10-01,lr,100
2013-11-01,me,100
2013-08-01,li,100
2014-03-01,me,100
2015-05-01,cy,100
2015-10-01,sv,100
2015-03-01,na,100
2013-09-01,ie,100
2015-06-01,ee,100
2016-04-01,om,100
2016-03-01,bf,100
2015-03-01,aw,100
2015-04-01,tt,100
2013-12-01,at,100
2014-12-01,kg,100
2014-11-01,dk,100
2013-09-01,bi,100
2015-02-01,sd,100
2016-02-01,bs,100
2014-04-01,cv,100
2014-10-01,dk,100
2015-11-01,mu,100
2013-10-01,pa,100
2015-04-01,me,100
2014-01-01,lt,100
2014-02-01,lt,100
2014-05-01,sr,100
2014-07-01,lv,100
2015-08-01,zw,100
2014-10-01,mo,100
2014-03-01,ps,100
2014-06-01,me,100
2013-09-01,bh,100
2015-02-01,md,100
2015-03-01,do,100
2013-11-01,bz,100
2014-08-01,cy,100
2014-02-01,is,100
2013-12-01,ng,100
2015-11-01,bj,100
2015-04-01,pr,100
2015-09-01,ae,100
2016-04-01,gm,100
2015-12-01,cy,100
2014-10-01,bh,100
2015-05-01,mk,100
2015-09-01,ps,100
2014-07-01,ba,100
2013-08-01,bh,100
2014-06-01,pr,100
2016-03-01,mo,100
2016-03-01,ee,100
2016-02-01,gu,100
2014-09-01,si,100
2015-06-01,fi,100
2014-03-01,np,100
2013-08-01,bi,100
2014-09-01,tm,100
2015-12-01,xy,100
2015-09-01,dm,100
2013-08-01,bn,100
2016-01-01,la,100
2014-02-01,pk,100
2015-03-01,tz,100
2016-01-01,lk,100
2015-06-01,ci,100
2014-06-01,dj,100
2016-05-01,uz,100
2015-06-01,ba,100
2014-04-01,mr,100
2015-06-01,mu,100
2015-01-01,la,100
2014-06-01,jo,100
2013-09-01,dk,100
2013-12-01,ml,100
2013-08-01,to,100
2013-09-01,st,100
2015-06-01,np,100
2016-04-01,mg,100
2013-08-01,bt,100
2014-09-01,bz,100
2013-10-01,sv,100
2014-07-01,cg,100
2014-04-01,mz,100
2013-11-01,za,100
2014-08-01,ci,100
2014-10-01,bt,100
2013-08-01,mv,100
2015-03-01,is,100
2015-10-01,dz,100
2014-05-01,tt,100
2015-10-01,cy,100
2016-04-01,lr,100
2015-05-01,sn,100
2014-10-01,mv,100
2015-03-01,ba,100
2014-02-01,tz,100
2013-08-01,so,100
2014-09-01,tc,100
2014-09-01,gd,100
2014-01-01,kw,100
2015-02-01,ky,100
2013-10-01,ee,100
2014-05-01,cm,100
2016-03-01,mt,100
2013-12-01,do,100
2014-12-01,nc,100
2014-04-01,fi,100
2013-10-01,cd,100
2015-03-01,lu,100
2014-05-01,kw,100
2013-09-01,bt,100
2014-07-01,lr,100
2014-05-01,ps,100
2014-12-01,sd,100
2015-01-01,cm,100
2015-05-01,me,100
2016-03-01,sy,100
2015-11-01,sn,100
2013-10-01,gm,100
2015-08-01,rw,100
2016-01-01,bh,100
2014-11-01,dz,100
2014-06-01,ga,100
2015-02-01,ke,100
2014-10-01,vc,100
2015-01-01,ee,100
2014-04-01,bt,100
2014-08-01,ph,100
2014-03-01,zm,100
2014-02-01,cm,100
2014-01-01,sk,100
2015-01-01,ke,100
2014-07-01,zw,100
2014-02-01,bz,100
2015-09-01,bq,100
2013-09-01,lk,100
2014-08-01,hr,100
2016-05-01,gp,100
2016-01-01,dk,100
2014-09-01,ml,100
2014-07-01,cr,100
2015-11-01,lb,100
2014-10-01,mz,100
2014-01-01,lb,100
2015-12-01,zw,100
2016-05-01,gw,100
2015-09-01,nc,100
2015-05-01,ni,100
2015-02-01,hn,100
2013-12-01,kw,100
2013-09-01,ne,100
2014-01-01,do,100
2014-01-01,ph,100
2015-11-01,ni,100
2013-10-01,eg,100
2014-07-01,fj,100
2016-03-01,om,100
2013-11-01,ba,100
2015-12-01,mm,100
2015-06-01,ps,100
2015-06-01,md,100
2016-05-01,gd,100
2016-05-01,tt,100
2014-04-01,eg,100
